consolidated_rank,feature,raw_variable,statistic,family,component,position,unit,perm_importance_mean,shap_importance_mean_abs,consolidated_score
1,LA BOMBA\AC LA A BOMBA\Aceleración Rms [g]__mean,LA BOMBA\AC LA A BOMBA\Aceleración Rms [g],mean,acceleration_rms,bomba,la,g,0.0027391540351602,1.0828348,0.9915966386554622
2,LA BOMBA\AC LA A BOMBA\Aceleración Rms [g]__median,LA BOMBA\AC LA A BOMBA\Aceleración Rms [g],median,acceleration_rms,bomba,la,g,0.0,0.6431744,0.9831932773109244
3,LA MOTOR\AC LA H MOTOR\Velocidad Rms [mm/s]__p95,LA MOTOR\AC LA H MOTOR\Velocidad Rms [mm/s],p95,velocity_rms,motor,la,mm/s,0.0,0.4809697,0.9789915966386554
4,LA BOMBA\AC LA A BOMBA\Velocidad Rms [mm/s]__p95,LA BOMBA\AC LA A BOMBA\Velocidad Rms [mm/s],p95,velocity_rms,bomba,la,mm/s,0.022492369266011,0.15937178,0.9747899159663864
5,LL BOMBA\AC LL H BOMBA\Aceleración Rms [g]__p95,LL BOMBA\AC LL H BOMBA\Aceleración Rms [g],p95,acceleration_rms,bomba,ll,g,0.0,0.2263286,0.9747899159663864
6,LA BOMBA\AC LA A BOMBA\Aceleración Rms [g]__p95,LA BOMBA\AC LA A BOMBA\Aceleración Rms [g],p95,acceleration_rms,bomba,la,g,0.0,0.18725342,0.9705882352941176
7,LA BOMBA\AC LA A BOMBA\Aceleración Rms [g]__p05,LA BOMBA\AC LA A BOMBA\Aceleración Rms [g],p05,acceleration_rms,bomba,la,g,0.0,0.16388611,0.9663865546218487
8,LL MOTOR\AC LL H MOTOR\Aceleración Rms [g]__p95,LL MOTOR\AC LL H MOTOR\Aceleración Rms [g],p95,acceleration_rms,motor,ll,g,0.0,0.14001346,0.9579831932773109
9,LA BOMBA\AC LA H BOMBA\Velocidad Rms [mm/s]__p95,LA BOMBA\AC LA H BOMBA\Velocidad Rms [mm/s],p95,velocity_rms,bomba,la,mm/s,0.0,0.13884862,0.953781512605042
10,LA MOTOR\AC LA H MOTOR\Aceleración Rms [g]__p95,LA MOTOR\AC LA H MOTOR\Aceleración Rms [g],p95,acceleration_rms,motor,la,g,0.0,0.13205506,0.9495798319327732
11,LA MOTOR\AC LA H MOTOR\Velocidad Rms [mm/s]__p05,LA MOTOR\AC LA H MOTOR\Velocidad Rms [mm/s],p05,velocity_rms,motor,la,mm/s,0.0,0.13143894,0.9453781512605042
12,LA MOTOR\AC LA H MOTOR\Velocidad Rms [mm/s]__mean,LA MOTOR\AC LA H MOTOR\Velocidad Rms [mm/s],mean,velocity_rms,motor,la,mm/s,0.0,0.11270827,0.9411764705882352
13,LL BOMBA\VIY4-74444\Desplazamiento Pico a Pico [µm]__mean,LL BOMBA\VIY4-74444\Desplazamiento Pico a Pico [µm],mean,displacement_pp,bomba,ll,um,0.0,0.11267162,0.9369747899159664
14,LM VARIADOR\AC LM H VARIADOR\Aceleración Rms [g]__median,LM VARIADOR\AC LM H VARIADOR\Aceleración Rms [g],median,acceleration_rms,variador,lm,g,0.0,0.086861074,0.9327731092436976
15,LL MOTOR\VIX1-74447\Desplazamiento Pico a Pico [µm]__iqr,LL MOTOR\VIX1-74447\Desplazamiento Pico a Pico [µm],iqr,displacement_pp,motor,ll,um,0.0,0.0851711,0.9285714285714286
16,LA MOTOR\AC LA H MOTOR\Aceleración Rms [g]__p05,LA MOTOR\AC LA H MOTOR\Aceleración Rms [g],p05,acceleration_rms,motor,la,g,0.0,0.08394074,0.9243697478991596
17,LB VARIADOR\AC LB H VARIADOR\Aceleración Rms [g]__p95,LB VARIADOR\AC LB H VARIADOR\Aceleración Rms [g],p95,acceleration_rms,variador,lb,g,0.0,0.08328506,0.9201680672268908
18,LA MOTOR\AC LA H MOTOR\Aceleración Rms [g]__median,LA MOTOR\AC LA H MOTOR\Aceleración Rms [g],median,acceleration_rms,motor,la,g,0.0,0.07901146,0.915966386554622
19,LA MOTOR\AC LA H MOTOR\Aceleración Rms [g]__mean,LA MOTOR\AC LA H MOTOR\Aceleración Rms [g],mean,acceleration_rms,motor,la,g,0.0,0.06775482,0.9117647058823528
20,LL MOTOR\VIX1-74447\Desplazamiento Pico a Pico [µm]__mean,LL MOTOR\VIX1-74447\Desplazamiento Pico a Pico [µm],mean,displacement_pp,motor,ll,um,0.0,0.06382275,0.907563025210084
21,LA MOTOR\VIY2-74446\Desplazamiento Pico a Pico [µm]__p95,LA MOTOR\VIY2-74446\Desplazamiento Pico a Pico [µm],p95,displacement_pp,motor,la,um,0.0,0.0618828,0.903361344537815
22,LL BOMBA\AC LL H BOMBA\Velocidad Rms [mm/s]__median,LL BOMBA\AC LL H BOMBA\Velocidad Rms [mm/s],median,velocity_rms,bomba,ll,mm/s,0.0,0.05616362,0.8991596638655461
23,LA BOMBA\VIY3-74441\Desplazamiento Pico a Pico [µm]__p95,LA BOMBA\VIY3-74441\Desplazamiento Pico a Pico [µm],p95,displacement_pp,bomba,la,um,0.0,0.051751155,0.8949579831932772
24,LM VARIADOR\AC LM H VARIADOR\Aceleración Rms [g]__mean,LM VARIADOR\AC LM H VARIADOR\Aceleración Rms [g],mean,acceleration_rms,variador,lm,g,0.0,0.05076181,0.8907563025210083
25,LL BOMBA\VIX4-74443\Desplazamiento Pico a Pico [µm]__median,LL BOMBA\VIX4-74443\Desplazamiento Pico a Pico [µm],median,displacement_pp,bomba,ll,um,0.0,0.047517836,0.8865546218487395
26,LL BOMBA\VIX4-74443\Desplazamiento Pico a Pico [µm]__mean,LL BOMBA\VIX4-74443\Desplazamiento Pico a Pico [µm],mean,displacement_pp,bomba,ll,um,0.0,0.04614436,0.8823529411764706
27,LL MOTOR\AC LL H MOTOR\Aceleración Rms [g]__p05,LL MOTOR\AC LL H MOTOR\Aceleración Rms [g],p05,acceleration_rms,motor,ll,g,0.0,0.043565016,0.8781512605042017
28,LL BOMBA\AC LL H BOMBA\Aceleración Rms [g]__p05,LL BOMBA\AC LL H BOMBA\Aceleración Rms [g],p05,acceleration_rms,bomba,ll,g,0.0,0.04133593,0.8739495798319328
29,LA MOTOR\AC LA A MOTOR\Velocidad Rms [mm/s]__p05,LA MOTOR\AC LA A MOTOR\Velocidad Rms [mm/s],p05,velocity_rms,motor,la,mm/s,0.0,0.039884854,0.8697478991596639
30,LL BOMBA\VIY4-74444\Desplazamiento Pico a Pico [µm]__p95,LL BOMBA\VIY4-74444\Desplazamiento Pico a Pico [µm],p95,displacement_pp,bomba,ll,um,0.0,0.03898987,0.865546218487395
31,LB VARIADOR\AC LB H VARIADOR\Aceleración Rms [g]__mean,LB VARIADOR\AC LB H VARIADOR\Aceleración Rms [g],mean,acceleration_rms,variador,lb,g,0.0,0.036868855,0.8613445378151261
32,LL BOMBA\AC LL H BOMBA\Aceleración Rms [g]__mean,LL BOMBA\AC LL H BOMBA\Aceleración Rms [g],mean,acceleration_rms,bomba,ll,g,0.0,0.03676852,0.8571428571428572
33,LL MOTOR\VIY1-74448\Desplazamiento Pico a Pico [µm]__median,LL MOTOR\VIY1-74448\Desplazamiento Pico a Pico [µm],median,displacement_pp,motor,ll,um,0.0,0.03641109,0.8529411764705883
34,LL BOMBA\VIX4-74443\Desplazamiento Pico a Pico [µm]__p05,LL BOMBA\VIX4-74443\Desplazamiento Pico a Pico [µm],p05,displacement_pp,bomba,ll,um,0.0,0.03607064,0.8487394957983193
35,LL BOMBA\VIY4-74444\Desplazamiento Pico a Pico [µm]__median,LL BOMBA\VIY4-74444\Desplazamiento Pico a Pico [µm],median,displacement_pp,bomba,ll,um,0.0,0.035426006,0.8445378151260504
36,LM VARIADOR\AC LM H VARIADOR\Aceleración Rms [g]__p05,LM VARIADOR\AC LM H VARIADOR\Aceleración Rms [g],p05,acceleration_rms,variador,lm,g,0.0,0.034009054,0.8403361344537814
37,LA MOTOR\AC LA A MOTOR\Aceleración Rms [g]__mean,LA MOTOR\AC LA A MOTOR\Aceleración Rms [g],mean,acceleration_rms,motor,la,g,0.0038521947608315,0.032835964,0.8361344537815126
38,LA MOTOR\VIY2-74446\Desplazamiento Pico a Pico [µm]__iqr,LA MOTOR\VIY2-74446\Desplazamiento Pico a Pico [µm],iqr,displacement_pp,motor,la,um,0.0,0.033951793,0.8361344537815125
39,LL BOMBA\AC LL H BOMBA\Velocidad Rms [mm/s]__p95,LL BOMBA\AC LL H BOMBA\Velocidad Rms [mm/s],p95,velocity_rms,bomba,ll,mm/s,0.0,0.033368733,0.8319327731092436
40,LA MOTOR\AC LA A MOTOR\Velocidad Rms [mm/s]__mean,LA MOTOR\AC LA A MOTOR\Velocidad Rms [mm/s],mean,velocity_rms,motor,la,mm/s,0.0,0.032743275,0.8235294117647058
41,LL MOTOR\VIX1-74447\Desplazamiento Pico a Pico [µm]__p95,LL MOTOR\VIX1-74447\Desplazamiento Pico a Pico [µm],p95,displacement_pp,motor,ll,um,0.0,0.031439804,0.819327731092437
42,LA BOMBA\VIX3-74442\Desplazamiento Pico a Pico [µm]__p05,LA BOMBA\VIX3-74442\Desplazamiento Pico a Pico [µm],p05,displacement_pp,bomba,la,um,0.0,0.03134289,0.8151260504201681
43,LA BOMBA\AC LA A BOMBA\Velocidad Rms [mm/s]__median,LA BOMBA\AC LA A BOMBA\Velocidad Rms [mm/s],median,velocity_rms,bomba,la,mm/s,0.0,0.030655267,0.8109243697478992
44,LL BOMBA\AC LL H BOMBA\Velocidad Rms [mm/s]__p05,LL BOMBA\AC LL H BOMBA\Velocidad Rms [mm/s],p05,velocity_rms,bomba,ll,mm/s,0.0,0.027325692,0.8067226890756303
45,LA MOTOR\AC LA H MOTOR\Aceleración Rms [g]__iqr,LA MOTOR\AC LA H MOTOR\Aceleración Rms [g],iqr,acceleration_rms,motor,la,g,0.0,0.026884053,0.8025210084033614
46,LL BOMBA\AC LL H BOMBA\Aceleración Rms [g]__median,LL BOMBA\AC LL H BOMBA\Aceleración Rms [g],median,acceleration_rms,bomba,ll,g,0.0,0.026375636,0.7983193277310925
47,LA MOTOR\AC LA A MOTOR\Aceleración Rms [g]__p95,LA MOTOR\AC LA A MOTOR\Aceleración Rms [g],p95,acceleration_rms,motor,la,g,0.0,0.02494571,0.7941176470588236
48,LA MOTOR\AC LA A MOTOR\Aceleración Rms [g]__p05,LA MOTOR\AC LA A MOTOR\Aceleración Rms [g],p05,acceleration_rms,motor,la,g,0.0,0.024803894,0.7899159663865547
49,LA BOMBA\AC LA H BOMBA\Aceleración Rms [g]__p95,LA BOMBA\AC LA H BOMBA\Aceleración Rms [g],p95,acceleration_rms,bomba,la,g,0.0,0.024768718,0.7857142857142857
50,LA MOTOR\AC LA A MOTOR\Velocidad Rms [mm/s]__median,LA MOTOR\AC LA A MOTOR\Velocidad Rms [mm/s],median,velocity_rms,motor,la,mm/s,0.0,0.022278097,0.7815126050420168
51,LA BOMBA\VIX3-74442\Desplazamiento Pico a Pico [µm]__mean,LA BOMBA\VIX3-74442\Desplazamiento Pico a Pico [µm],mean,displacement_pp,bomba,la,um,0.0,0.022042247,0.7773109243697478
52,LB VARIADOR\AC LB H VARIADOR\Aceleración Rms [g]__median,LB VARIADOR\AC LB H VARIADOR\Aceleración Rms [g],median,acceleration_rms,variador,lb,g,0.0,0.021112047,0.7731092436974789
53,LL BOMBA\VIX4-74443\Desplazamiento Pico a Pico [µm]__iqr,LL BOMBA\VIX4-74443\Desplazamiento Pico a Pico [µm],iqr,displacement_pp,bomba,ll,um,0.0,0.020173248,0.76890756302521
54,LL MOTOR\AC LL H MOTOR\Aceleración Rms [g]__mean,LL MOTOR\AC LL H MOTOR\Aceleración Rms [g],mean,acceleration_rms,motor,ll,g,0.0,0.019329699,0.7647058823529411
55,LM VARIADOR\AC LM H VARIADOR\Aceleración Rms [g]__iqr,LM VARIADOR\AC LM H VARIADOR\Aceleración Rms [g],iqr,acceleration_rms,variador,lm,g,0.0,0.019046064,0.7605042016806722
56,LB VARIADOR\AC LB H VARIADOR\Aceleración Rms [g]__iqr,LB VARIADOR\AC LB H VARIADOR\Aceleración Rms [g],iqr,acceleration_rms,variador,lb,g,0.0,0.018211024,0.7563025210084033
57,LA BOMBA\VIY3-74441\Desplazamiento Pico a Pico [µm]__median,LA BOMBA\VIY3-74441\Desplazamiento Pico a Pico [µm],median,displacement_pp,bomba,la,um,0.0,0.01728176,0.7521008403361344
58,LA MOTOR\AC LA H MOTOR\Velocidad Rms [mm/s]__median,LA MOTOR\AC LA H MOTOR\Velocidad Rms [mm/s],median,velocity_rms,motor,la,mm/s,0.0,0.016054647,0.7478991596638656
59,LA MOTOR\AC LA A MOTOR\Aceleración Rms [g]__iqr,LA MOTOR\AC LA A MOTOR\Aceleración Rms [g],iqr,acceleration_rms,motor,la,g,0.0,0.012986816,0.7436974789915967
60,LL BOMBA\AC LL H BOMBA\Velocidad Rms [mm/s]__mean,LL BOMBA\AC LL H BOMBA\Velocidad Rms [mm/s],mean,velocity_rms,bomba,ll,mm/s,0.0,0.012894857,0.7394957983193278
61,LA BOMBA\VIY3-74441\Desplazamiento Pico a Pico [µm]__p05,LA BOMBA\VIY3-74441\Desplazamiento Pico a Pico [µm],p05,displacement_pp,bomba,la,um,0.0,0.012872474,0.7352941176470589
62,LA BOMBA\AC LA H BOMBA\Aceleración Rms [g]__iqr,LA BOMBA\AC LA H BOMBA\Aceleración Rms [g],iqr,acceleration_rms,bomba,la,g,0.0,0.012558479,0.73109243697479
63,LL MOTOR\VIY1-74448\Desplazamiento Pico a Pico [µm]__p95,LL MOTOR\VIY1-74448\Desplazamiento Pico a Pico [µm],p95,displacement_pp,motor,ll,um,0.0,0.010416605,0.726890756302521
64,LB VARIADOR\AC LB H VARIADOR\Aceleración Rms [g]__p05,LB VARIADOR\AC LB H VARIADOR\Aceleración Rms [g],p05,acceleration_rms,variador,lb,g,0.0,0.009129854,0.7226890756302521
65,LA BOMBA\AC LA A BOMBA\Velocidad Rms [mm/s]__mean,LA BOMBA\AC LA A BOMBA\Velocidad Rms [mm/s],mean,velocity_rms,bomba,la,mm/s,0.0,0.009059674,0.7184873949579832
66,LL MOTOR\AC LL H MOTOR\Velocidad Rms [mm/s]__mean,LL MOTOR\AC LL H MOTOR\Velocidad Rms [mm/s],mean,velocity_rms,motor,ll,mm/s,0.0,0.008996762,0.7142857142857143
67,LM VARIADOR\AC LM H VARIADOR\Velocidad Rms [mm/s]__median,LM VARIADOR\AC LM H VARIADOR\Velocidad Rms [mm/s],median,velocity_rms,variador,lm,mm/s,0.0,0.008921546,0.7100840336134453
68,LL MOTOR\VIY1-74448\Desplazamiento Pico a Pico [µm]__mean,LL MOTOR\VIY1-74448\Desplazamiento Pico a Pico [µm],mean,displacement_pp,motor,ll,um,0.0,0.008113632,0.7058823529411764
69,LL MOTOR\VIX1-74447\Desplazamiento Pico a Pico [µm]__median,LL MOTOR\VIX1-74447\Desplazamiento Pico a Pico [µm],median,displacement_pp,motor,ll,um,0.0,0.006929657,0.7016806722689075
70,LA MOTOR\VIY2-74446\Desplazamiento Pico a Pico [µm]__mean,LA MOTOR\VIY2-74446\Desplazamiento Pico a Pico [µm],mean,displacement_pp,motor,la,um,0.0,0.0067788074,0.6974789915966386
71,LA BOMBA\VIY3-74441\Desplazamiento Pico a Pico [µm]__mean,LA BOMBA\VIY3-74441\Desplazamiento Pico a Pico [µm],mean,displacement_pp,bomba,la,um,0.0,0.006665752,0.6932773109243697
72,LA BOMBA\AC LA H BOMBA\Velocidad Rms [mm/s]__mean,LA BOMBA\AC LA H BOMBA\Velocidad Rms [mm/s],mean,velocity_rms,bomba,la,mm/s,0.0,0.006417358,0.6890756302521008
73,LA BOMBA\AC LA H BOMBA\Velocidad Rms [mm/s]__p05,LA BOMBA\AC LA H BOMBA\Velocidad Rms [mm/s],p05,velocity_rms,bomba,la,mm/s,0.0,0.0057983715,0.6848739495798319
74,LA BOMBA\AC LA H BOMBA\Velocidad Rms [mm/s]__iqr,LA BOMBA\AC LA H BOMBA\Velocidad Rms [mm/s],iqr,velocity_rms,bomba,la,mm/s,0.0,0.0057761357,0.680672268907563
75,LL MOTOR\VIY1-74448\Desplazamiento Pico a Pico [µm]__iqr,LL MOTOR\VIY1-74448\Desplazamiento Pico a Pico [µm],iqr,displacement_pp,motor,ll,um,0.0,0.005315687,0.6764705882352942
76,LL BOMBA\VIY4-74444\Desplazamiento Pico a Pico [µm]__p05,LL BOMBA\VIY4-74444\Desplazamiento Pico a Pico [µm],p05,displacement_pp,bomba,ll,um,0.0,0.005263733,0.6722689075630253
77,LL BOMBA\AC LL H BOMBA\Aceleración Rms [g]__iqr,LL BOMBA\AC LL H BOMBA\Aceleración Rms [g],iqr,acceleration_rms,bomba,ll,g,0.0,0.005178184,0.6680672268907564
78,LA MOTOR\AC LA A MOTOR\Aceleración Rms [g]__median,LA MOTOR\AC LA A MOTOR\Aceleración Rms [g],median,acceleration_rms,motor,la,g,0.0,0.0043651536,0.6638655462184874
79,LA BOMBA\VIX3-74442\Desplazamiento Pico a Pico [µm]__median,LA BOMBA\VIX3-74442\Desplazamiento Pico a Pico [µm],median,displacement_pp,bomba,la,um,0.0,0.003949959,0.6596638655462185
80,LL BOMBA\VIX4-74443\Desplazamiento Pico a Pico [µm]__p95,LL BOMBA\VIX4-74443\Desplazamiento Pico a Pico [µm],p95,displacement_pp,bomba,ll,um,0.0,0.0038270617,0.6554621848739496
81,LA BOMBA\VIX3-74442\Desplazamiento Pico a Pico [µm]__iqr,LA BOMBA\VIX3-74442\Desplazamiento Pico a Pico [µm],iqr,displacement_pp,bomba,la,um,0.0,0.003633198,0.6512605042016806
82,LA BOMBA\VIX3-74442\Desplazamiento Pico a Pico [µm]__p95,LA BOMBA\VIX3-74442\Desplazamiento Pico a Pico [µm],p95,displacement_pp,bomba,la,um,0.0,0.003521243,0.6470588235294117
83,LB VARIADOR\AC LB H VARIADOR\Velocidad Rms [mm/s]__median,LB VARIADOR\AC LB H VARIADOR\Velocidad Rms [mm/s],median,velocity_rms,variador,lb,mm/s,0.0,0.0034884072,0.6428571428571428
84,LL MOTOR\AC LL H MOTOR\Aceleración Rms [g]__median,LL MOTOR\AC LL H MOTOR\Aceleración Rms [g],median,acceleration_rms,motor,ll,g,0.0,0.003469133,0.6386554621848739
85,LL BOMBA\AC LL H BOMBA\Velocidad Rms [mm/s]__iqr,LL BOMBA\AC LL H BOMBA\Velocidad Rms [mm/s],iqr,velocity_rms,bomba,ll,mm/s,0.0,0.0032169416,0.634453781512605
86,LA MOTOR\VIX2-74445\Desplazamiento Pico a Pico [µm]__p95,LA MOTOR\VIX2-74445\Desplazamiento Pico a Pico [µm],p95,displacement_pp,motor,la,um,0.0,0.003136458,0.6302521008403361
87,LA MOTOR\VIX2-74445\Desplazamiento Pico a Pico [µm]__iqr,LA MOTOR\VIX2-74445\Desplazamiento Pico a Pico [µm],iqr,displacement_pp,motor,la,um,0.0,0.0029931488,0.6260504201680672
88,LL MOTOR\AC LL H MOTOR\Velocidad Rms [mm/s]__median,LL MOTOR\AC LL H MOTOR\Velocidad Rms [mm/s],median,velocity_rms,motor,ll,mm/s,0.0,0.0029674931,0.6218487394957983
89,LB VARIADOR\AC LB H VARIADOR\Velocidad Rms [mm/s]__p05,LB VARIADOR\AC LB H VARIADOR\Velocidad Rms [mm/s],p05,velocity_rms,variador,lb,mm/s,0.0,0.002704538,0.6176470588235294
90,LA BOMBA\AC LA H BOMBA\Aceleración Rms [g]__mean,LA BOMBA\AC LA H BOMBA\Aceleración Rms [g],mean,acceleration_rms,bomba,la,g,0.0,0.0023146945,0.6134453781512605
91,LA BOMBA\AC LA H BOMBA\Aceleración Rms [g]__median,LA BOMBA\AC LA H BOMBA\Aceleración Rms [g],median,acceleration_rms,bomba,la,g,0.0,0.002275434,0.6092436974789917
92,LM VARIADOR\AC LM H VARIADOR\Velocidad Rms [mm/s]__mean,LM VARIADOR\AC LM H VARIADOR\Velocidad Rms [mm/s],mean,velocity_rms,variador,lm,mm/s,0.0,0.0020903766,0.6050420168067228
93,LL MOTOR\AC LL H MOTOR\Velocidad Rms [mm/s]__p05,LL MOTOR\AC LL H MOTOR\Velocidad Rms [mm/s],p05,velocity_rms,motor,ll,mm/s,0.0,0.0017519895,0.6008403361344538
94,LM VARIADOR\AC LM H VARIADOR\Velocidad Rms [mm/s]__p05,LM VARIADOR\AC LM H VARIADOR\Velocidad Rms [mm/s],p05,velocity_rms,variador,lm,mm/s,0.0,0.0016137087,0.5966386554621849
95,LA MOTOR\VIY2-74446\Desplazamiento Pico a Pico [µm]__median,LA MOTOR\VIY2-74446\Desplazamiento Pico a Pico [µm],median,displacement_pp,motor,la,um,0.0,0.0014963978,0.592436974789916
96,LL MOTOR\AC LL H MOTOR\Aceleración Rms [g]__iqr,LL MOTOR\AC LL H MOTOR\Aceleración Rms [g],iqr,acceleration_rms,motor,ll,g,0.0,0.0014556239,0.588235294117647
97,LA BOMBA\AC LA H BOMBA\Aceleración Rms [g]__p05,LA BOMBA\AC LA H BOMBA\Aceleración Rms [g],p05,acceleration_rms,bomba,la,g,0.0,0.0013517125,0.5840336134453781
98,LA MOTOR\AC LA A MOTOR\Velocidad Rms [mm/s]__p95,LA MOTOR\AC LA A MOTOR\Velocidad Rms [mm/s],p95,velocity_rms,motor,la,mm/s,0.0,0.001327796,0.5798319327731092
99,LA MOTOR\VIX2-74445\Desplazamiento Pico a Pico [µm]__median,LA MOTOR\VIX2-74445\Desplazamiento Pico a Pico [µm],median,displacement_pp,motor,la,um,0.0,0.0012679694,0.5756302521008403
100,LA MOTOR\VIX2-74445\Desplazamiento Pico a Pico [µm]__p05,LA MOTOR\VIX2-74445\Desplazamiento Pico a Pico [µm],p05,displacement_pp,motor,la,um,0.0,0.0011467917,0.5714285714285714
101,LA MOTOR\AC LA H MOTOR\Velocidad Rms [mm/s]__iqr,LA MOTOR\AC LA H MOTOR\Velocidad Rms [mm/s],iqr,velocity_rms,motor,la,mm/s,0.0,0.0010557397,0.5672268907563025
102,LA MOTOR\AC LA A MOTOR\Velocidad Rms [mm/s]__iqr,LA MOTOR\AC LA A MOTOR\Velocidad Rms [mm/s],iqr,velocity_rms,motor,la,mm/s,0.0,0.0009639061,0.5630252100840336
103,LM VARIADOR\AC LM H VARIADOR\Aceleración Rms [g]__p95,LM VARIADOR\AC LM H VARIADOR\Aceleración Rms [g],p95,acceleration_rms,variador,lm,g,0.0,0.00093659497,0.5588235294117647
104,LA BOMBA\AC LA A BOMBA\Velocidad Rms [mm/s]__p05,LA BOMBA\AC LA A BOMBA\Velocidad Rms [mm/s],p05,velocity_rms,bomba,la,mm/s,0.0,0.0009263405,0.5546218487394958
105,LA BOMBA\AC LA A BOMBA\Velocidad Rms [mm/s]__iqr,LA BOMBA\AC LA A BOMBA\Velocidad Rms [mm/s],iqr,velocity_rms,bomba,la,mm/s,0.0,0.00059865345,0.5504201680672269
106,LA BOMBA\VIY3-74441\Desplazamiento Pico a Pico [µm]__iqr,LA BOMBA\VIY3-74441\Desplazamiento Pico a Pico [µm],iqr,displacement_pp,bomba,la,um,0.0,0.0005672671,0.546218487394958
107,LM VARIADOR\AC LM H VARIADOR\Velocidad Rms [mm/s]__iqr,LM VARIADOR\AC LM H VARIADOR\Velocidad Rms [mm/s],iqr,velocity_rms,variador,lm,mm/s,0.0,0.0005145562,0.542016806722689
108,LB VARIADOR\AC LB H VARIADOR\Velocidad Rms [mm/s]__iqr,LB VARIADOR\AC LB H VARIADOR\Velocidad Rms [mm/s],iqr,velocity_rms,variador,lb,mm/s,0.0,0.0004963845,0.5378151260504201
109,LA BOMBA\AC LA A BOMBA\Aceleración Rms [g]__iqr,LA BOMBA\AC LA A BOMBA\Aceleración Rms [g],iqr,acceleration_rms,bomba,la,g,0.0,0.00032999847,0.5336134453781513
110,LL MOTOR\VIX1-74447\Desplazamiento Pico a Pico [µm]__p05,LL MOTOR\VIX1-74447\Desplazamiento Pico a Pico [µm],p05,displacement_pp,motor,ll,um,0.0,0.0002921101,0.5294117647058824
111,LB VARIADOR\AC LB H VARIADOR\Velocidad Rms [mm/s]__mean,LB VARIADOR\AC LB H VARIADOR\Velocidad Rms [mm/s],mean,velocity_rms,variador,lb,mm/s,0.0,0.00023864531,0.5252100840336134
112,LM VARIADOR\AC LM H VARIADOR\Velocidad Rms [mm/s]__p95,LM VARIADOR\AC LM H VARIADOR\Velocidad Rms [mm/s],p95,velocity_rms,variador,lm,mm/s,0.0,0.00016162382,0.5210084033613445
113,LL BOMBA\VIY4-74444\Desplazamiento Pico a Pico [µm]__iqr,LL BOMBA\VIY4-74444\Desplazamiento Pico a Pico [µm],iqr,displacement_pp,bomba,ll,um,0.0,0.0001604264,0.5168067226890756
114,LA BOMBA\AC LA H BOMBA\Velocidad Rms [mm/s]__median,LA BOMBA\AC LA H BOMBA\Velocidad Rms [mm/s],median,velocity_rms,bomba,la,mm/s,0.0,4.1716292e-05,0.5126050420168067
115,LB VARIADOR\AC LB H VARIADOR\Velocidad Rms [mm/s]__p95,LB VARIADOR\AC LB H VARIADOR\Velocidad Rms [mm/s],p95,velocity_rms,variador,lb,mm/s,0.0,2.819253e-05,0.5084033613445378
116,LA MOTOR\VIX2-74445\Desplazamiento Pico a Pico [µm]__mean,LA MOTOR\VIX2-74445\Desplazamiento Pico a Pico [µm],mean,displacement_pp,motor,la,um,0.0,0.0,0.5042016806722689
117,LA MOTOR\VIY2-74446\Desplazamiento Pico a Pico [µm]__p05,LA MOTOR\VIY2-74446\Desplazamiento Pico a Pico [µm],p05,displacement_pp,motor,la,um,0.0,0.0,0.5042016806722689
118,LL MOTOR\AC LL H MOTOR\Velocidad Rms [mm/s]__iqr,LL MOTOR\AC LL H MOTOR\Velocidad Rms [mm/s],iqr,velocity_rms,motor,ll,mm/s,0.0,0.0,0.5042016806722689
119,LL MOTOR\AC LL H MOTOR\Velocidad Rms [mm/s]__p95,LL MOTOR\AC LL H MOTOR\Velocidad Rms [mm/s],p95,velocity_rms,motor,ll,mm/s,0.0,0.0,0.5042016806722689
120,LL MOTOR\VIY1-74448\Desplazamiento Pico a Pico [µm]__p05,LL MOTOR\VIY1-74448\Desplazamiento Pico a Pico [µm],p05,displacement_pp,motor,ll,um,0.0,0.0,0.5042016806722689
