PC1,PC2,Batch
0.5742274774336701,-3.730087621830173,RUBIALES
0.839436993239326,-4.148609258817293,RUBIALES
0.619484897476602,-3.43769708723418,RUBIALES
0.3909743789411041,-3.3296754128410253,RUBIALES
0.9380451561226096,-3.1409858573907483,RUBIALES
0.9146551832812668,-2.8191495795582004,RUBIALES
0.813677128971853,-3.141434696771868,RUBIALES
0.2911298262480015,-3.04764746682148,RUBIALES
0.2741570501178598,-3.176217434711774,RUBIALES
0.7131237834042733,-3.077476459104042,CASTILLA
-0.0114198140831958,-2.541794977403479,CASTILLA
0.6896095264663828,-2.5106990427210327,CASTILLA
-0.6123652072197441,-2.6329448221891334,CASTILLA
0.5094587518600212,-1.8556064234591465,CASTILLA
-0.1536733523585741,-2.745402480092638,CASTILLA
0.0801628112237844,-2.72497753594967,CASTILLA
0.2521680161453175,-2.9168726391291284,CASTILLA
-0.1582974876878256,-2.393665130854721,CASTILLA
-0.3908383475355154,-2.577701365550923,CASTILLA
-0.5433020632906164,-2.599863020766646,CASTILLA
-0.3625350488299146,-2.7204870750092147,CASTILLA
-0.1045126874281724,-3.0135365770596985,CASTILLA
-0.6474682563247244,-2.5477560946784434,CASTILLA
-0.4587710343716296,-1.9819016041254045,CASTILLA
-0.9695509204832043,-2.586152661142183,CASTILLA
-0.7164767898937952,-1.7109480025229973,CASTILLA
-0.5409249981010967,-1.640764019415614,CASTILLA
-0.8099277925991492,-2.2507161435728547,CASTILLA
-0.7257627124867477,-2.283627811818004,CASTILLA
-0.871975718717844,-2.3967292294189417,CASTILLA
-1.0301784015713586,-1.613426472673794,CASTILLA
-0.5888697216378473,-1.5949604671257864,CASTILLA
-1.1972403486653314,-1.5905875207375246,CASTILLA
-1.5766591217081378,-1.2307674530894344,CASTILLA
-0.9615866456545382,-1.981720596920352,CASTILLA
-1.7928312808440094,-1.9749023757999795,CASTILLA
-1.3284127347471213,-1.924548363208016,CASTILLA
-1.563537436209122,-1.56634460165575,CASTILLA
-0.9071019544844672,-1.0659974086336028,CASTILLA
-0.7575592399642852,-1.2413137396995035,CASTILLA
-0.9806664002237132,-1.0925377375567429,CASTILLA
-0.6494375617347514,-1.0984363433265405,CASTILLA
-1.6192165966594292,-1.6709446993639705,CASTILLA
-0.9907898247239304,-1.9367612528390503,CASTILLA
-1.642652553533658,-1.7278288203626615,CASTILLA
-1.952040390297625,-0.7350138385708124,CASTILLA
-2.1803308869267086,-1.2471427357525582,CASTILLA
-1.9394720833063013,-1.839378013121712,CASTILLA
-2.245412680474624,-1.0163754221949397,CASTILLA
-2.170472957944244,-1.4551891195770663,CASTILLA
-2.710319204838617,-1.044333385167193,CASTILLA
-2.0546640192706613,-0.6493997450407528,CASTILLA
-2.169045168801044,-1.0437060961103994,CASTILLA
-2.638643563379959,-2.1172892146577413,CASTILLA
-2.4076558050104744,-1.1649664106135909,CASTILLA
-2.4608140926982456,-0.0924858151026146,CASTILLA
-2.6141421098430944,-0.6697888297507874,CASTILLA
-2.5038155297308045,-0.8935571650273844,CASTILLA
-2.895913240056462,-1.75611170479083,CASTILLA
-2.358202823163474,-0.3220928186686307,CASTILLA
-2.8603293454135934,-0.7721273772419871,CASTILLA
-3.4747472265687964,-0.5741646148503695,CASTILLA
-3.370475508060913,-0.788835492194898,CASTILLA
-2.435984394339552,-0.4644389377130647,CASTILLA
-2.4669747281438488,0.0892367864238236,CASTILLA
-3.0918476110210094,-0.5467240649079973,CASTILLA
-2.859640240329396,-0.3801059703848931,CASTILLA
-2.9374297280192523,-0.2588328394025241,CASTILLA
-3.3661960322665414,-0.0190582683113765,CASTILLA
-3.2932214351984697,0.0939642796015196,CASTILLA
-3.018629859141736,-0.1234615913406526,CASTILLA
-3.3744475619700447,-0.0639799249648584,CASTILLA
-3.345899372870028,0.1322095685313123,CASTILLA
-2.425847417501313,1.1953091807534837,CASTILLA
-3.065676279023022,0.5374485712359865,CASTILLA
-2.98810062826557,0.9977348018634534,CASTILLA
-3.3490392528743675,0.2931550268404895,CASTILLA
-3.195579725917051,-0.1170366923703267,CASTILLA
-3.982975241337392,0.3791936408154148,CASTILLA
-4.080168596593849,-0.6123381807530399,CASTILLA
-3.709960052736892,-0.0664252239113301,CASTILLA
-4.578298519332563,0.8949369600633963,CASTILLA
-5.392802050897475,0.4319561451491957,CASTILLA
-4.985522711994255,-0.4876897748021031,CASTILLA
-5.339358226035419,-0.4689827884354538,CASTILLA
-4.969449745944448,-0.5865846852446195,CASTILLA
-4.254968968215943,0.4410063885803623,CASTILLA
-4.5129835969291126,0.1212699838144896,CASTILLA
-5.093745084119838,0.4013552419855087,CASTILLA
-5.182324899831364,0.3969692133107801,CASTILLA
-4.728735061099703,0.176652524933314,CASTILLA
-5.023730429439955,-0.0421098763503148,CASTILLA
-5.112802254979469,1.1258606560728217,CASTILLA
-5.1580822129245405,-0.0211310729951902,CASTILLA
-5.735679610875643,-0.1414060091149901,CASTILLA
-4.825217579504262,0.5321615196339976,CASTILLA
-5.50286073419795,0.2524526842739284,CASTILLA
-5.386206926233597,0.5925735841158535,CASTILLA
-5.136692497350747,0.987945772912407,CASTILLA
-4.306317268594996,1.3106050870898354,CASTILLA
-5.355850465139265,0.6790323952802105,CASTILLA
-5.017841646579142,0.5499393245685884,CASTILLA
-5.25514510248549,0.5633375831747728,CASTILLA
-5.393553724746121,0.5045342161511195,CASTILLA
-5.741644102131888,0.6459666024545001,CASTILLA
-6.003317499063953,0.5719880278629542,CASTILLA
-6.411305653309546,-0.6347701018947459,CASTILLA
-5.943825760129767,0.3136595337209147,CASTILLA
-5.972918212514617,0.2569575306372025,CASTILLA
-5.742589512570556,0.165195395578161,CASTILLA
-5.777725470333143,0.507199199739649,CASTILLA
-5.486662039108808,0.4784932982859651,CASTILLA
-6.724032649020135,0.702029519764211,CASTILLA
-7.174593160546287,0.0299463452343613,CASTILLA
-7.395086705283756,-0.1444274342214477,CASTILLA
-7.421803653340571,-0.2756431468110517,CASTILLA
-7.458607104519095,0.7508727738875702,CASTILLA
-7.632221744956282,0.0905690836716618,CASTILLA
-7.344514747268085,0.5222283438021493,CASTILLA
-7.29743661477417,0.4075785544117758,CASTILLA
-7.672101752328371,0.4898447155752783,CASTILLA
-7.945518185634104,-0.5622312768498223,CASTILLA
-8.006942260982251,0.089302537552765,CASTILLA
-7.852315088766131,0.6016573107161103,CASTILLA
-8.213150469659334,0.2445076558711525,CASTILLA
-7.980237067140441,0.1971460713357248,CASTILLA
-8.120409984862988,0.3668777563790821,CASTILLA
-8.445218263091107,0.1860960732036663,CASTILLA
-7.679623059254255,1.0311806757607918,CASTILLA
-8.030437473027611,0.7653647292373579,CASTILLA
-7.25012142576935,2.241100520362103,CASTILLA
-8.27979027852622,0.2481250807117358,CASTILLA
-8.159937569338396,0.1230622089703832,CASTILLA
-7.587383549856416,0.5244569399635727,CASTILLA
-7.580675814216546,0.6461888353192535,CASTILLA
-8.20329625082606,0.391181628525434,CASTILLA
-7.960075239136999,0.4514828181585589,CASTILLA
-8.107268858952636,0.0457080419699783,CASTILLA
-8.150705193451563,0.4067115698172103,CASTILLA
-8.541574125697602,0.9317379252668724,CASTILLA
-8.07217900935462,1.2399575346082743,CASTILLA
-8.214994264224506,-0.668741180900454,CASTILLA
-9.30280703379836,0.78569450598898,CASTILLA
-8.529022347803508,0.6536378961738447,CASTILLA
-9.20156277818924,0.8669211681604283,CASTILLA
-8.49921639743485,0.4679950041433524,CASTILLA
-9.502219038972486,0.4292618881367152,CASTILLA
-8.640533814834892,1.224205942365525,CASTILLA
-8.365481209410154,1.2366964769526676,CASTILLA
-8.821390844745013,1.4960291055751591,CASTILLA
-8.916798314143037,1.5512257367621944,CASTILLA
-9.41145265476212,1.4300017334217836,CASTILLA
-9.067033553288008,0.375682184358608,CASTILLA
-9.315757627958297,0.6976907464264984,CASTILLA
-9.260071414374131,1.4557638539688842,CASTILLA
-9.530707018275368,1.0923905167981696,CASTILLA
-9.183364636303942,2.056625598628706,CASTILLA
-8.897895059050887,2.0097341063323464,CASTILLA
-9.129408333836778,1.6129302958673413,CASTILLA
-9.829713863441974,1.5141300359753789,CASTILLA
-10.434044987221183,1.4869821348402346,CASTILLA
-10.161505191135486,2.1757323304938745,CASTILLA
-10.212673608181886,1.897258842146781,CASTILLA
-10.464932171763094,1.89553608427035,CASTILLA
-10.269704719820073,2.0951122254092684,CASTILLA
-10.188901549829485,1.896576012204272,CASTILLA
-10.420906639023071,1.071240812143765,CASTILLA
-10.253265123716066,1.9185241300019864,CASTILLA
-10.556783560538287,1.4704273167475117,CASTILLA
-9.708652532002892,1.127568208288059,CASTILLA
-10.225541853763556,1.0921427808381152,CASTILLA
-9.864428559211774,1.3287795504251771,CASTILLA
-10.07303171734291,2.3223807240174645,CASTILLA
-9.97378268499688,1.8236421741394837,CASTILLA
-9.505557619515296,2.1343349701190664,CASTILLA
-9.627902160268375,2.1086578136895997,CASTILLA
-10.062509695469243,1.7594837535914272,CASTILLA
-10.140413085417224,1.278894485092979,CASTILLA
-9.79451358965176,1.6910279735455735,CASTILLA
-10.529147833272104,1.3466906718805156,CASTILLA
-9.645911538398725,2.2586937371253124,CASTILLA
-10.0616700149766,1.5141834263727445,CASTILLA
-9.472950421517158,1.625469116139669,CASTILLA
-8.918364242874949,2.08465511750649,CASTILLA
-10.236596725633405,1.2982146226850135,CASTILLA
-9.649749655886724,1.6312147985797354,CASTILLA
-10.329040353791903,1.4624532435202393,CASTILLA
-9.889636473669167,1.080057044847509,CASTILLA
-9.706231286794502,1.700482300078365,CASTILLA
-10.366063587427028,1.3050228913819792,CASTILLA
-10.253273831501444,2.1447195113476973,CASTILLA
-11.265139321062955,0.4104442147446662,CASTILLA
-9.85633973334727,1.999919594537172,CASTILLA
-9.953165836401112,2.051235201594674,CASTILLA
-9.79111560100388,1.921640353960836,CASTILLA
-9.779986237059436,2.516131732454238,CASTILLA
-10.156921692765952,2.5764650488324,CASTILLA
-9.885750509333,2.562192385342903,CASTILLA
-9.838118393421148,3.2371544189582004,CASTILLA
-10.817426014310682,1.751106393038827,CASTILLA
-10.39530897763647,1.7860921936225924,CASTILLA
-9.945996412164908,2.2912440014952358,CASTILLA
-9.610040728493596,2.5098722248256338,CASTILLA
-10.286483745436128,1.585068980288863,CASTILLA
-10.770085558648578,1.2474160643801069,CASTILLA
-10.365864092436205,2.610839195214527,CASTILLA
-10.125629007919654,3.2076950382384144,CASTILLA
-10.324736954958894,3.4987006092825106,CASTILLA
-10.179332899014229,3.461537236896066,CASTILLA
-9.752703128753875,3.585893617921286,CASTILLA
-10.480321949779412,3.114599547050186,CASTILLA
-10.907185174255108,3.016769241565297,CASTILLA
-11.123660999903487,1.943755091142639,CASTILLA
-11.361323506110104,2.5163493780861232,CASTILLA
-10.714356965489769,3.1863798664362246,CASTILLA
-10.276575472836145,3.4534968070057674,CASTILLA
-11.087717117318226,3.3022810456689293,CASTILLA
-10.955510930126072,2.884865375853863,CASTILLA
-10.69429519567154,2.734272056858224,CASTILLA
-11.207687381929407,3.167795294657997,CASTILLA
-10.707712389219736,2.774059357203927,CASTILLA
-10.5485645785461,3.035609000832435,CASTILLA
-10.609622750109144,3.207831441109878,CASTILLA
-10.705584740857796,3.198379509900507,CASTILLA
-11.24379849531584,2.971624429686539,CASTILLA
-10.666664382552549,2.905077144401761,CASTILLA
-10.704810331999804,2.9787871693426253,CASTILLA
-11.107148687944624,1.6890091447138045,CASTILLA
-10.81670924783474,2.487766374757639,CASTILLA
-10.300092740210026,2.876718792213604,CASTILLA
-10.464576533807229,1.726331895185746,CASTILLA
-10.860564085274394,3.0051152172050344,CASTILLA
-10.65341137135838,2.4284193489086885,CASTILLA
-9.98172927933068,1.461221332022682,CASTILLA
-9.735564449466493,2.151784812268377,CASTILLA
-10.467125658488571,2.5487162951561864,CASTILLA
-10.681985702379556,2.2705533582956874,CASTILLA
-9.827561935095437,2.030372758362316,CASTILLA
-11.044680676917894,2.0575038544373,CASTILLA
-10.519257435081428,1.668672173800345,CASTILLA
-9.941729282846342,2.3312209135508897,CASTILLA
-10.342930361630795,1.7042676210647036,CASTILLA
-10.218768058738728,1.6076561615857674,CASTILLA
-10.330134904396528,1.6305995694062627,CASTILLA
-10.775047798095065,1.9475891411822128,CASTILLA
-10.32753660260384,2.582748695139318,CASTILLA
-10.6261391098891,2.318066193262025,CASTILLA
-10.397467425175268,0.9245868553164162,CASTILLA
-10.690843826936742,1.3646829231038236,CASTILLA
-10.478375323865714,1.8027255642240776,CASTILLA
-10.33893153424536,1.274159721639683,CASTILLA
-11.222561160748713,1.367823496685618,CASTILLA
-10.303250610061935,1.4573119032494646,CASTILLA
-10.471604443913368,1.0414908569584862,CASTILLA
-10.624998877854964,0.2916564167423181,CASTILLA
-10.355494398515606,0.9155229126652934,CASTILLA
-9.69438848990957,1.0817793043149777,CASTILLA
-9.988933060158772,1.6247577148944097,CASTILLA
-10.583079972046471,1.2461346787133405,CASTILLA
-10.88521368579701,0.3559775032288914,CASTILLA
-10.25829662915719,1.3664189625719088,CASTILLA
-10.627899565644622,1.826307991468888,CASTILLA
-10.308417265010208,0.7854215876748848,CASTILLA
-9.313091997560042,0.8074041279947773,CASTILLA
-10.40565675680218,1.5032848027863843,CASTILLA
-10.36875929236112,0.7594172007189698,CASTILLA
-9.84109651973163,2.0667089841122137,CASTILLA
-10.591669787755569,1.33868724370477,CASTILLA
-9.591053600856675,2.1779080165633107,CASTILLA
-9.691689204168378,0.3915787763066914,CASTILLA
-10.789591484660043,1.1745144729719097,CASTILLA
-10.341487744257533,-0.0661486989051712,CASTILLA
-9.888353095442538,1.7815182480778553,CASTILLA
-8.862050838907953,0.6841254698543472,CASTILLA
-10.743539380415276,2.922690722602993,CASTILLA
-10.334144269265376,2.929657760047101,CASTILLA
-10.397755875252294,1.3610224133610465,CASTILLA
-8.924901984906272,-0.4803742993869832,CASTILLA
-9.448658087954078,0.0758676088710011,CASTILLA
-10.39090340099552,1.3186635922525114,CASTILLA
-10.052326905161278,0.3289404857041634,CASTILLA
-10.395687516239052,2.8543281152018456,CASTILLA
-9.3533114049371,0.2946202873713111,CASTILLA
-10.043827399409048,0.7599502549773697,CASTILLA
-9.692225280021267,1.5623534149530318,CASTILLA
-9.592239661623722,0.3962529327620678,CASTILLA
-10.81004242774996,1.7961329921562337,CASTILLA
-10.401423913459825,1.0736044839806578,CASTILLA
-10.304343533166412,0.1432940437097067,CASTILLA
-9.935325574636495,2.534227822123522,CASTILLA
-9.365225657391353,1.1099496559379705,CASTILLA
-11.07461982878209,-0.5775648165172151,CASTILLA
-9.872920682404548,-0.1910005204417929,CASTILLA
-9.742003793956098,-0.4098844172851015,CASTILLA
-9.451822613301273,0.3130736502177367,CASTILLA
-10.055111414480976,-0.6075299237863047,CASTILLA
-10.034136743500577,-1.42661113919965,CASTILLA
-9.10091150971717,-0.8018134198792783,CASTILLA
-9.056014251127433,0.2150524174040248,CASTILLA
-8.856729108788542,-0.1959861731249318,CASTILLA
-8.895748541026537,-0.9213221243200668,CASTILLA
-9.15904003311944,-0.1670552773857703,CASTILLA
-9.327843334211993,-3.825065350153796,CASTILLA
-8.473587482444644,-4.221333108076452,CASTILLA
-9.946985260239256,-4.458802388565213,CASTILLA
-9.745750709991636,-3.9362344616402303,CASTILLA
-8.563791205918745,-3.530128468806416,CASTILLA
-9.792897257449852,-4.257399762555335,CASTILLA
-9.078312399457385,-4.229053872127944,CASTILLA
-9.27736046893498,-4.700831701018515,CASTILLA
-9.235635631766852,-4.289928131731867,CASTILLA
-9.58559432011963,-3.5772744142587407,MEZCLA
-8.401864330997642,-3.1715228600851906,MEZCLA
-8.821865419299739,-4.11266874935346,MEZCLA
-8.992175095050134,-4.164510885457807,MEZCLA
-9.594292546209694,-5.122023412326881,MEZCLA
-8.92311502172523,-3.9345725938636127,MEZCLA
-8.932207834668423,-4.3260142539526445,MEZCLA
-8.783306555749522,-3.740811076726634,MEZCLA
-9.674456689533212,-2.699096000352553,MEZCLA
-10.175248568244456,-4.053183637549829,MEZCLA
-9.717504858530354,-2.2322444399936603,MEZCLA
-10.025238231716385,-3.0776607861305547,MEZCLA
-10.249319399071933,-1.1971837730899144,MEZCLA
-10.117589211517954,-2.2375754901629974,MEZCLA
-10.228209729686938,-2.7278879984311666,MEZCLA
-9.877264194430838,-1.7532338979990336,MEZCLA
-10.145209848102182,-4.431280489816797,MEZCLA
-10.230857163876047,-2.9008738663045817,MEZCLA
-10.445188079041142,-2.169508461409356,MEZCLA
-9.608420545654052,-2.8481833746096075,MEZCLA
-9.655439376157211,-1.0780078658755448,MEZCLA
-10.3326596366292,-1.074020175737257,MEZCLA
-10.313734745096554,-0.6334840181953876,MEZCLA
-10.41997172581106,-1.6337672099523457,MEZCLA
-10.975276368579104,-0.0037880666067656,MEZCLA
-10.835273212391671,-0.2672619085917027,MEZCLA
-11.709081889763052,1.703234734359547,MEZCLA
-11.040300246923104,0.9341609054611584,MEZCLA
-11.517179947935851,-0.3386371782905001,MEZCLA
-10.922431015376924,0.5591761775624794,MEZCLA
-11.798005006969454,1.4865803699251574,MEZCLA
-11.572623936785876,2.269061510426296,MEZCLA
-10.907724212847214,1.0296819290453567,MEZCLA
-11.522012780216777,2.733037134879737,MEZCLA
-10.936096262744927,1.0649490938060664,MEZCLA
-11.193852530622628,1.2073208345385928,MEZCLA
-10.587167692654372,0.734023069505908,MEZCLA
-10.552123360606103,1.482957802415709,MEZCLA
-10.622914613595578,1.9709150842093548,MEZCLA
-11.118350450359614,2.440748341136094,MEZCLA
-10.513128672923369,2.3929336089273017,MEZCLA
-10.660758460017188,2.798216039262139,MEZCLA
-11.122782082611334,3.4758096867921893,MEZCLA
-11.519852682764718,2.9114070086357886,MEZCLA
-11.001189006748085,2.7364290616706035,MEZCLA
-11.274326130354869,2.9114663579010696,MEZCLA
-10.633994902998303,3.3371646174364398,MEZCLA
-10.560213783359147,2.819833609233283,MEZCLA
-10.58251555686252,3.804628882336791,MEZCLA
-10.408775885142138,4.097930850238903,MEZCLA
-10.19446348065352,3.386970958932193,MEZCLA
-9.81722624888986,3.637799184107431,MEZCLA
-10.333263052977111,3.9496728181732994,MEZCLA
-10.699499379818532,3.042377489502284,MEZCLA
-11.155063869929176,2.871683975462846,MEZCLA
-11.2598767736659,3.3495342476034806,MEZCLA
-11.324726367000688,2.521910424194767,MEZCLA
-11.265928267218849,2.705778515484716,MEZCLA
-10.311808737413246,3.309873767598401,MEZCLA
-10.92671289473538,3.472743751160461,MEZCLA
-10.911261961630473,3.615594909658984,MEZCLA
-10.5806703380953,4.22276684793223,MEZCLA
-10.370088956473555,4.553484406246415,MEZCLA
-9.807501355452974,4.527623168794887,MEZCLA
-7.165865555200834,0.0139103686675053,MEZCLA
-3.5125096912751976,-0.8287706007095548,MEZCLA
-3.1237927642962737,0.5633967361143835,MEZCLA
-1.940860047632048,1.4862247443570014,MEZCLA
-1.2505805225903912,2.4851773435816344,MEZCLA
-0.7521843761950635,2.834796835652962,MEZCLA
-0.8417189679151926,1.9462864662723984,MEZCLA
-0.4963147146377324,1.788459524597802,MEZCLA
0.423168333190311,1.7174003854341071,MEZCLA
0.4705083372874856,1.5254076860100674,MEZCLA
0.3529389820390239,1.5341204309957883,MEZCLA
0.9946327828619942,1.52246718196963,MEZCLA
0.8504359606041616,1.3203445015955229,MEZCLA
0.4323920379423073,0.5515311444167694,MEZCLA
0.3115753861200582,0.745891647113752,MEZCLA
-0.4536526957820509,0.0844294724758433,MEZCLA
0.4522470453550343,0.3381662730279627,MEZCLA
0.51617987541128,0.3236845745630435,MEZCLA
0.3738952707132625,0.1247050386941204,MEZCLA
1.007048387393462,-0.0050380022132851,MEZCLA
0.5239950817533632,-0.7383628231846032,MEZCLA
0.7915189795260608,-0.7607570781128089,MEZCLA
0.4398499825742087,-0.2757081279958437,MEZCLA
1.8020695687035289,0.0426635003827773,MEZCLA
5.380529311055292,1.3658408982435104,MEZCLA
5.377158465753459,1.7964331210219489,MEZCLA
5.696368999185132,2.0105268560981537,MEZCLA
5.529154116722928,1.5980574201815547,MEZCLA
5.544531395386692,1.5952167160195492,MEZCLA
5.9135152505695565,1.6005796480735972,MEZCLA
5.853045451113982,1.782297416334996,MEZCLA
5.370496811234212,1.8629352974800384,MEZCLA
5.521745308211222,1.735669481219855,MEZCLA
5.438310446174259,2.065388752076072,MEZCLA
5.819251682908648,1.73499649604449,MEZCLA
5.308692933369521,1.7373438257876086,MEZCLA
5.37593050027772,1.5016402064927747,MEZCLA
5.129963483741292,1.9761637279360216,MEZCLA
6.022629288743786,1.7068624102789451,MEZCLA
5.545173458411747,1.2217437586011508,MEZCLA
5.88685759243467,1.9860398510015809,MEZCLA
5.706336632748799,1.8595460225241636,MEZCLA
5.734685574695025,1.9794088145008293,MEZCLA
5.557412374762066,1.751746683595152,MEZCLA
5.309162424597735,1.793327322650616,MEZCLA
5.792110604896113,2.022434907968151,MEZCLA
5.540689034476723,1.558294447793145,MEZCLA
4.332127113845292,1.244831360903373,MEZCLA
5.161633027482142,2.0628477051337413,MEZCLA
5.573147426045717,1.8714805667676804,MEZCLA
5.847136882560966,2.435246252755141,MEZCLA
5.894223924561377,1.5728143631583054,MEZCLA
5.954814621758191,1.8502714191632252,MEZCLA
6.099154084638567,1.924676335290391,MEZCLA
5.777427708501983,1.9707697672373736,MEZCLA
5.752234149911728,2.037689990682772,MEZCLA
5.95555115863292,1.7322064470982763,MEZCLA
5.275253402808534,1.2266887321733222,MEZCLA
5.043014739439779,0.9229116526801836,MEZCLA
5.890421184808381,0.856441184188936,MEZCLA
6.24540454716629,1.535091258119984,MEZCLA
5.7203258294005845,0.8579600282354077,MEZCLA
5.857389691001277,0.964614014866777,MEZCLA
6.241662640134466,0.5001296169186165,MEZCLA
5.64438003199604,0.725379834300525,MEZCLA
6.3467394784697,0.997739158520354,MEZCLA
6.963152338230223,1.405270034652217,MEZCLA
5.447191396226848,0.9493464522976296,MEZCLA
5.317980831221317,0.4043878861078684,MEZCLA
6.212850013769925,0.8181197627331082,MEZCLA
6.474515022650771,1.3842652071737305,MEZCLA
6.283473716907497,1.7462581032085334,MEZCLA
5.3102051446045575,1.3240463235935371,MEZCLA
6.163361464190753,2.012171893100276,MEZCLA
5.514335640416123,1.5745992970636489,MEZCLA
6.004350406422538,0.905437351653678,MEZCLA
6.13828070840546,1.4174934211096404,MEZCLA
5.6470012040569495,1.347949167450771,MEZCLA
6.035822215553499,2.1785128905850653,MEZCLA
6.230875796572337,1.1261195641063226,MEZCLA
6.306765253561851,1.465205325553696,MEZCLA
6.51853563869424,1.8531505244157944,MEZCLA
6.87005974763181,1.85868804371052,MEZCLA
6.238920831833377,1.203432217056844,MEZCLA
5.870704179106012,2.097875533278294,MEZCLA
5.833317510604987,1.52846479863776,MEZCLA
5.548166577521174,1.593602822246257,MEZCLA
6.3459069476126855,1.4664634147159197,MEZCLA
6.956056876968625,1.473042925201977,MEZCLA
6.402542442725054,1.367564218110703,MEZCLA
6.180231287859622,1.5954011844781943,MEZCLA
6.385132359336433,1.7666321627479935,MEZCLA
6.914073634116491,1.195629674860493,MEZCLA
6.88557659803401,1.9438539307058864,MEZCLA
7.210681129673299,2.2982896899850527,MEZCLA
7.553304498438903,1.705304061187454,MEZCLA
6.792350615069015,1.3842350364381963,MEZCLA
5.919472917325824,1.4256235815003584,MEZCLA
6.473254108897961,2.5867533574199038,MEZCLA
6.168688913971546,2.0518555531593137,MEZCLA
5.741332238077064,1.7946492032199668,MEZCLA
6.349935545270195,1.8977558820517584,MEZCLA
5.672749147661553,1.544933377870184,MEZCLA
6.10229973280932,1.4577546085247544,MEZCLA
5.971094391255306,1.1867609513054185,MEZCLA
6.175195082954349,1.0656327688737122,MEZCLA
7.238463875685626,1.0558435797306904,MEZCLA
6.638876865468872,1.2611824012837318,MEZCLA
6.498812686222016,1.760142815095573,MEZCLA
5.7781694582984935,1.1765027985377394,MEZCLA
6.237277815571847,1.2009962669716308,MEZCLA
6.475619369909161,1.2841096271752923,MEZCLA
5.989692195640213,1.2406745957179577,MEZCLA
5.889183280199266,0.6159937850893383,MEZCLA
5.794912568714222,0.7385085367505313,MEZCLA
6.265523588846487,1.0106235900733085,MEZCLA
5.815143755286785,0.8874779874709258,MEZCLA
6.2400213977046,1.346612204562977,MEZCLA
6.543268352580663,1.1889062464229403,MEZCLA
6.895513113770427,0.6467193286901461,MEZCLA
6.524061513078812,0.6948169839387063,MEZCLA
6.608810306623701,1.2209559240532322,MEZCLA
6.050307228242007,0.9780560044659729,MEZCLA
5.9826542088527415,1.0146474838663126,MEZCLA
5.621044500321489,0.8836382220136624,MEZCLA
5.999062742946952,1.2212631170655543,MEZCLA
5.703980280921324,1.025826079241651,MEZCLA
6.134471717092036,1.3914463252032765,MEZCLA
6.364283171974687,1.2918231403212146,MEZCLA
6.031580215666997,1.6237142852336814,MEZCLA
6.657081015052647,2.120040027343008,MEZCLA
6.176043285625784,1.4047162242101414,MEZCLA
6.384722658965147,1.3988033136015314,MEZCLA
6.6514833827039626,2.346207843939802,MEZCLA
6.097410389546599,1.703551978020714,MEZCLA
5.99026655420435,1.5472675250206718,MEZCLA
5.935592665463288,1.8439476441761424,MEZCLA
6.027275805269377,1.5442043527040332,MEZCLA
5.716955792700849,1.3806660262295547,MEZCLA
5.955017825801488,0.9968023734049508,MEZCLA
5.114473554024151,1.3441203180602146,MEZCLA
5.544501265560775,2.1874783164794622,MEZCLA
5.485040440350876,2.43616662386284,MEZCLA
6.530823885857352,1.9797342472047408,MEZCLA
5.855563518841025,2.573970500425437,MEZCLA
5.71041457751502,1.8298837799454268,MEZCLA
5.370311190878485,2.6497590017820567,MEZCLA
5.537217334537086,2.229977348154111,MEZCLA
6.236627365412906,2.2879089355599223,MEZCLA
6.198627633739249,2.089668688856299,MEZCLA
6.0270398178753295,1.7432440862255043,MEZCLA
5.795637644163765,1.5704337927857843,MEZCLA
5.344801961144227,1.6462686019077877,MEZCLA
5.989166977890734,2.091961442612779,MEZCLA
5.502699974205848,1.9155027088854704,MEZCLA
5.798723883016611,1.1035211818511776,MEZCLA
6.310280733046625,2.2074743517273743,MEZCLA
6.370010236160598,1.6493214610171945,MEZCLA
6.245993436048351,2.091660837373578,MEZCLA
6.391321775632984,2.477743463879561,MEZCLA
6.1564668041440855,2.1628856831959427,MEZCLA
5.9893340032956965,1.9065340686821612,MEZCLA
5.578508659983536,1.9860402110605744,MEZCLA
5.490506799635542,1.474755786091741,MEZCLA
5.603399855273827,0.9909455932455036,MEZCLA
6.111102562545828,1.9206475005050037,MEZCLA
6.316672240267332,1.6893860457742054,MEZCLA
5.854748448785448,1.5400653364773094,MEZCLA
7.091256142194649,2.493944880198861,MEZCLA
6.085238352256501,2.247418114604105,MEZCLA
5.739624002282524,2.3173917106266466,MEZCLA
6.502839148168761,2.468325115017629,MEZCLA
6.0922413133749975,1.616913646447418,MEZCLA
5.902386592849656,1.2976947086885244,MEZCLA
5.71286624622687,0.8955694208381978,MEZCLA
5.752435227961657,1.9014198107533211,MEZCLA
5.835409396666011,1.6905519214256564,MEZCLA
5.5480915095675565,1.3098540900939448,MEZCLA
6.569969162111886,2.490563773243146,MEZCLA
6.783118858288163,2.167267025601505,MEZCLA
6.764683618224956,2.116910907513922,MEZCLA
6.566058555802581,1.9332520797742565,MEZCLA
5.934487454388941,1.858669834195132,MEZCLA
7.362080145076357,2.389724368246576,MEZCLA
7.018804642045369,2.2979029768794,MEZCLA
6.699993857107642,2.410331830524131,MEZCLA
6.308973860024381,1.9443030140781328,MEZCLA
6.3319587417617145,2.3669457166556462,MEZCLA
7.298970593984105,2.705348184923376,MEZCLA
6.418469205824943,2.6705979098047137,MEZCLA
7.0107678531860085,2.72622016660741,MEZCLA
6.66156104537589,1.7010609468333189,MEZCLA
7.487229016370905,2.579331914438706,MEZCLA
6.262469911442084,2.457423272743024,MEZCLA
6.450493299310812,2.1146757132683773,MEZCLA
6.391686290288099,2.523391797873468,MEZCLA
6.785301086210596,2.457170598199634,MEZCLA
6.621005247788619,2.505208018727028,MEZCLA
6.004597111362848,2.2903460375781908,MEZCLA
6.090127860474197,2.640532882331468,MEZCLA
5.54226203396411,2.5322971161271397,MEZCLA
6.35860572815887,2.1648220343251467,MEZCLA
6.5232766684826045,1.6160450596734073,RUBIALES
6.284044715672593,2.038024744665336,RUBIALES
6.869471180805515,2.7547285294299115,RUBIALES
6.984816655188746,3.059811709232192,RUBIALES
6.772867631159193,2.7657070428573505,RUBIALES
6.120769985199049,2.4958291742189807,RUBIALES
5.736707458091519,2.570056379012569,RUBIALES
6.151320334118149,2.3960206136262707,RUBIALES
6.349535635887162,2.5834063930676217,RUBIALES
7.234806459145397,2.7772548827822905,RUBIALES
7.263238141134312,2.810473587481627,RUBIALES
7.315308157188046,2.311229728655663,RUBIALES
6.612281729679229,1.9807101208412103,RUBIALES
5.940854966179606,2.1627205398085287,RUBIALES
6.9095033158884265,3.197245557633298,RUBIALES
6.734758062435008,2.243063532514728,RUBIALES
6.811580038000199,2.176065508523673,RUBIALES
6.443070701384601,1.6213083617769186,RUBIALES
6.017347203832057,1.690726333539111,RUBIALES
6.507431038915634,1.9197750841693828,RUBIALES
6.3466776076413565,1.668609934195611,RUBIALES
6.359461035472795,2.211635592205475,RUBIALES
6.788112242573384,2.6969241064562843,RUBIALES
7.385118777032215,2.287951089837944,RUBIALES
6.984653211664573,2.7519060158263446,RUBIALES
6.570753421054839,1.9419268340475784,RUBIALES
7.10225598882033,2.3008755949121635,RUBIALES
6.263466105395271,2.3083097571937,RUBIALES
6.331600620835683,2.135224934317956,RUBIALES
5.851191527436528,1.7847593876440877,RUBIALES
5.092992141240319,1.3020886699088623,RUBIALES
5.513233767226889,1.674450988603894,RUBIALES
5.512020986955861,1.7467554296682746,RUBIALES
5.613163072348593,1.836789157256365,RUBIALES
5.0251862148696524,1.7138765448563908,RUBIALES
4.957626090357599,0.596935092375981,RUBIALES
5.285583550315191,1.8009219361334794,RUBIALES
5.183310863993141,1.5715642887757235,RUBIALES
5.4804389415791,0.7086386764750621,RUBIALES
4.353171517275838,-1.4652533569169115,RUBIALES
4.298222179508296,-2.0289629063128185,RUBIALES
4.339255219771219,-1.5528327585940525,RUBIALES
3.864268211165686,-1.3495548999127158,RUBIALES
3.703521495141637,-1.6425055963536377,RUBIALES
4.495776627185852,-1.1920039402569302,RUBIALES
4.574416912684778,-1.3435901374484254,RUBIALES
4.816422159819864,-0.8163813838430956,RUBIALES
4.188207737382995,-0.715945581597789,RUBIALES
3.9335920727093,-0.4537386104305561,RUBIALES
3.706442285707464,-0.2537826647585025,RUBIALES
3.73697788332172,-0.6979138503746115,RUBIALES
3.500947669709628,-1.389847876580412,RUBIALES
3.215865304325112,-0.4835018088648254,RUBIALES
3.81010547896128,-0.6866533596155178,RUBIALES
3.692157047676619,-2.1977192111998147,RUBIALES
3.1021060334099904,-2.0050542384666388,RUBIALES
3.3484197946300127,-0.4238710211514352,RUBIALES
4.239078530433355,-1.1954944243290642,RUBIALES
3.160128607203045,-1.5838494025706105,RUBIALES
3.432319504735904,-0.6768013350172755,RUBIALES
3.735729369167227,-1.821875842139444,RUBIALES
4.00009350060497,-1.8229397070355828,RUBIALES
3.0021064224471106,-2.234584365734764,RUBIALES
3.2963658422063014,-1.8735423243277167,RUBIALES
4.254715802104514,-2.1857700380314014,RUBIALES
3.9059417050349503,-1.857639401947644,RUBIALES
2.959697754380453,-1.9276823344809533,RUBIALES
3.296206209874079,-2.205064030843751,RUBIALES
2.71248924945423,-1.2434190636527378,RUBIALES
3.0707624934258213,-1.2369296859533858,RUBIALES
2.7971489430382297,-1.159363379863121,RUBIALES
2.9678567643836646,-0.6210001068382743,RUBIALES
3.406745346484376,-1.4768512336256856,RUBIALES
3.4033081374817757,-1.3258654803198255,RUBIALES
4.405059548130961,-1.3652318286995455,RUBIALES
3.588076272629353,-1.4811230505000592,RUBIALES
3.9529326552838633,-0.6735696089968511,RUBIALES
3.803720072564982,-1.3190619468373883,RUBIALES
3.751275788754288,-1.545525876406863,RUBIALES
4.468663799297639,-0.9163578937561462,RUBIALES
3.767081378370267,-1.5637228620773131,RUBIALES
4.518681535284175,-1.393926375636085,RUBIALES
3.519784311355859,-0.4730323996790452,RUBIALES
4.547754039953131,-1.4601229247718948,RUBIALES
3.102197025493582,-0.471701715489619,RUBIALES
3.6272638659935166,-0.7678871994656244,RUBIALES
3.886080167516828,-0.5082658965214039,RUBIALES
3.785232033862754,-1.506103181333544,RUBIALES
4.204500919223764,-1.029109418103504,RUBIALES
3.7781388252741888,-1.3477892366925546,RUBIALES
2.5085321137042342,-1.295520421768767,RUBIALES
2.8174987234429523,-0.9647108291192896,RUBIALES
2.8725836367983835,-0.9409621418137434,RUBIALES
3.1700342014402705,-1.0750645754045731,RUBIALES
4.1442308307612254,-1.237641590677358,RUBIALES
3.026565967208213,-0.842232782472006,RUBIALES
3.2806388635380266,-0.6974852428034426,RUBIALES
3.902878226256693,-0.1730959860632901,RUBIALES
6.794867682092722,0.0185888360250691,RUBIALES
6.944723671629466,0.3109765806835137,RUBIALES
6.781441705553728,0.7973938641013474,RUBIALES
6.278360704457389,-0.271200613570058,RUBIALES
6.095861693474712,-0.3012535096509877,RUBIALES
5.152977931845112,0.235417870738064,RUBIALES
4.517761610536505,-0.5937173923115363,RUBIALES
1.0838919650532015,-1.455563192057604,RUBIALES
0.820734580779313,-1.4464047637917248,RUBIALES
0.7046197965475077,-2.0585492087586457,RUBIALES
0.7828551348809945,-1.4095524739656045,RUBIALES
1.2324859236512382,-2.338113325580037,RUBIALES
1.579337329322764,-2.200991278996603,RUBIALES
1.9337323296981557,-1.6409748219810103,RUBIALES
1.332549725915231,-1.5535977315863634,RUBIALES
1.768959175382188,-2.138475555768321,RUBIALES
2.1014915345876024,-1.425640112032272,RUBIALES
1.4840817521790923,-1.6644147750018026,RUBIALES
1.926999587348068,-2.2388146196171093,RUBIALES
1.754380860873941,-1.6674684955303043,RUBIALES
2.0242924914755003,-1.708075094041963,RUBIALES
2.3257536224790143,-1.8182912055701492,RUBIALES
1.6549456763791606,-1.963199182551008,RUBIALES
1.4466607834234673,-2.3245394491325,RUBIALES
1.420793891335887,-2.4217640036302743,RUBIALES
0.6235422887521801,-2.254135037427533,RUBIALES
0.6521316130722662,-1.2912389798635768,RUBIALES
1.3134738479987549,-2.2553042163404955,RUBIALES
0.8450190182360661,-2.2551870733802484,RUBIALES
1.3435941287576831,-0.9446350458674148,RUBIALES
0.9533533088394912,-1.6800228824149974,RUBIALES
1.0505286721745697,-2.8248781848536293,RUBIALES
1.4221277060871826,-1.5685556196219772,RUBIALES
1.1167306453902222,-0.8850293800704374,RUBIALES
0.8250859079525543,-2.2224093856568525,RUBIALES
1.3299465063706384,-2.3337495734122053,RUBIALES
0.8939122491681203,-2.58499593474567,RUBIALES
0.5737801238713968,-3.605562192942701,RUBIALES
0.8699197553355935,-2.636393432120929,RUBIALES
1.0121193582287928,-3.011601735550204,RUBIALES
0.759253137062624,-3.131276075678913,RUBIALES
0.8456260571336351,-2.146707948473876,RUBIALES
0.5594287301195195,-3.019700907369523,RUBIALES
0.514111776557373,-3.146989672917054,RUBIALES
0.1207513889389085,-3.126733901036306,RUBIALES
0.78864861564787,-3.012316304041589,RUBIALES
0.74482661477871,-2.0470372417798037,RUBIALES
0.4289255594658339,-3.1728210380050803,RUBIALES
0.4303812535912469,-2.742773548975278,RUBIALES
1.0470035854568678,-2.4912484590245474,RUBIALES
-0.1991626512115682,-3.12897239527582,RUBIALES
0.8213501448939915,-3.666094044839328,RUBIALES
0.9105837686933244,-3.4817539924101304,RUBIALES
0.8927181653064121,-3.590131650774615,RUBIALES
1.5345396422516984,-3.8472698090220097,RUBIALES
0.7771528853616346,-2.868289340610938,RUBIALES
0.3570111526296435,-3.6375543478748895,RUBIALES
0.9217098812332905,-3.918464752670802,RUBIALES
1.0193588923176329,-4.145957537156588,RUBIALES
1.0875413722610447,-3.6778061795901498,RUBIALES
1.293706923621655,-3.95841910305053,RUBIALES
0.5368061492488362,-4.584139556438674,RUBIALES
1.1586948452379149,-3.5799509879426834,RUBIALES
0.584270547504374,-4.916434842215772,RUBIALES
1.6626944689846597,-4.350582860464396,RUBIALES
1.6914776540168228,-3.401268798653375,RUBIALES
1.5644411929094035,-4.699398076027391,RUBIALES
1.782866742257228,-4.411869959036025,RUBIALES
1.8381548869619213,-4.335948458372858,RUBIALES
2.176966446005517,-4.270023714974292,RUBIALES
1.487797545505992,-4.632878537355449,RUBIALES
1.3001509089334926,-4.049364499111542,RUBIALES
1.122232602420447,-3.786799332257545,RUBIALES
1.3673761743067288,-4.422908424049914,RUBIALES
1.1236832915954178,-3.902803935328464,RUBIALES
1.0179249830696626,-4.669037975396866,RUBIALES
0.5717837751021739,-4.799936028019395,RUBIALES
1.379358992351439,-4.543488193307125,RUBIALES
1.2429719634935856,-4.71746196124772,RUBIALES
1.251073642927509,-4.989190093683074,RUBIALES
1.2658965311124488,-4.036689130531933,RUBIALES
0.8424905548048264,-4.930759473025653,RUBIALES
1.3409821098316907,-4.194989720796411,RUBIALES
0.3059085332755301,-4.690415420941924,RUBIALES
-0.1093123544564692,-5.383327592757767,RUBIALES
0.5847892778830548,-6.031321789465453,RUBIALES
-0.4814168317403094,-5.869576798919022,RUBIALES
0.1960515619198695,-5.27713238415977,RUBIALES
-0.3951609075453332,-4.76889560188332,RUBIALES
0.1137370650001709,-5.259219191820635,RUBIALES
0.8986091657898533,-4.867707599524599,RUBIALES
0.748737907202591,-5.374734455542373,RUBIALES
1.0208523369870748,-4.969623684279421,RUBIALES
0.3379898699178102,-6.138226710129157,RUBIALES
0.4246377630942916,-6.715617583970705,RUBIALES
0.5666301082071594,-6.401243304009354,RUBIALES
1.5410107675823217,-6.238958915384318,RUBIALES
0.9017328097177096,-6.483897212388485,RUBIALES
0.5995807063990303,-6.227112462452836,RUBIALES
0.2401933253790561,-6.609220485850028,RUBIALES
0.8750397626823238,-6.329209400726191,RUBIALES
0.4163917668699012,-5.983283337393745,RUBIALES
0.971170466351977,-5.357882745440691,RUBIALES
0.725579833569846,-6.338758898614948,RUBIALES
0.6884542873505511,-5.32021963632038,RUBIALES
0.1715591007921592,-6.064113551758763,RUBIALES
0.5726373954765717,-5.4134150524003255,RUBIALES
1.2849753535886708,-5.105315080451151,RUBIALES
1.4570828492858368,-5.259735964208861,RUBIALES
1.696625457432969,-5.662648690426558,RUBIALES
1.254531155360384,-5.583519804107289,RUBIALES
1.2328992428924652,-5.918145389966066,RUBIALES
1.2098712160887193,-6.764682565081445,RUBIALES
0.9673033643861436,-6.84326712490761,RUBIALES
1.5429166970435244,-6.56767368030005,RUBIALES
2.259071752044336,-6.016748329312607,RUBIALES
1.840987136552674,-5.669226862387306,RUBIALES
1.9195751939272396,-6.32222188435021,RUBIALES
2.261118644607666,-6.194387444748231,RUBIALES
1.6881224204951977,-6.055644647521864,RUBIALES
1.2779386646782702,-5.515963146607127,RUBIALES
1.5733621557839137,-6.4241958805623165,RUBIALES
1.63903491414604,-8.047890290448581,RUBIALES
1.4188099534405318,-7.612394841413629,RUBIALES
1.3284843498062855,-7.734218103673709,RUBIALES
1.6884419988512371,-7.1113465145979164,RUBIALES
1.7432788667631869,-7.252329917132826,RUBIALES
0.8627472261718917,-6.785701377078935,RUBIALES
1.8526423619889687,-7.559167623104005,RUBIALES
1.1849825771386582,-7.666485839076115,RUBIALES
2.0611723385415983,-8.226708171113488,RUBIALES
1.7430346310660412,-8.105016338484687,RUBIALES
1.2690663036244982,-7.203093723705111,RUBIALES
0.885136581216542,-7.015663240292083,RUBIALES
1.3320830679445892,-6.2147979704518965,RUBIALES
1.398258333242614,-7.283964702156133,RUBIALES
0.5705942814934832,-6.670795563582443,RUBIALES
1.1467453788300843,-7.394037282780001,RUBIALES
1.2459975778468086,-6.555614562540051,RUBIALES
0.9255989969058144,-8.108794044164652,RUBIALES
1.3475243777766883,-7.035865607927784,RUBIALES
0.8919171900422285,-8.044465936108278,RUBIALES
1.7830020002731837,-7.873944963932499,RUBIALES
1.351081922036411,-6.573964964941779,RUBIALES
0.8499973005209726,-6.35926003614429,RUBIALES
1.0735828084889532,-6.406884512546421,RUBIALES
0.8295915254725038,-7.215456099360956,RUBIALES
0.8432346628484557,-7.601572288105761,RUBIALES
1.5674542981398774,-7.015651632585827,RUBIALES
1.3825387083266232,-6.547296545943917,RUBIALES
1.324660862349167,-6.528986211801451,RUBIALES
0.7549738621066919,-6.205285398081092,RUBIALES
1.0723251173229116,-5.5866638565408735,RUBIALES
1.4370084963858898,-7.250691696582403,RUBIALES
1.4393447702305826,-7.491277316068789,RUBIALES
0.9348379884138042,-7.659110851466154,RUBIALES
0.9987509308395957,-7.67879513500955,RUBIALES
1.3021148894365189,-7.116192746351356,RUBIALES
1.3724911055939215,-6.593177920224466,RUBIALES
-4.133134707893191,-5.221884130289817,CASTILLA
-4.518511083596891,-5.014723468293762,CASTILLA
-5.254485997860312,-5.304674288371523,CASTILLA
-4.715756095441971,-4.426839699428817,CASTILLA
-4.686907821809486,-5.241562796900871,CASTILLA
-4.942248595011715,-3.9125323174870417,CASTILLA
-4.410465825905242,-4.469355880205699,CASTILLA
-5.2943918426771335,-5.6020517250726805,CASTILLA
-5.132545802296066,-4.420641964939589,CASTILLA
-5.409741475288856,-4.801828458148897,CASTILLA
-5.166378204856239,-5.361886049341977,CASTILLA
-4.609923372443265,-5.15570195922612,CASTILLA
-4.575260030930946,-5.369353454675305,CASTILLA
-4.587497402132806,-5.5681822518729645,CASTILLA
-5.220194208206742,-5.832873184829421,CASTILLA
-4.743489725805615,-5.57873571320291,CASTILLA
-4.714746305290883,-5.950661905211155,CASTILLA
-4.773107946391453,-6.498222348078475,CASTILLA
-4.757245450265667,-6.713962155329251,CASTILLA
-3.849731950737789,-7.598086004820787,CASTILLA
-4.238430813188652,-8.770484288535703,CASTILLA
-3.760224140076887,-8.788160526656252,CASTILLA
-3.5623703039855226,-9.064948813091156,CASTILLA
-3.130235652013498,-10.285419249697764,CASTILLA
-2.651825487127692,-10.99981460979733,CASTILLA
-3.324981579846492,-11.073071762399955,CASTILLA
-3.330668202768505,-11.494270595694816,CASTILLA
-2.599111780341867,-11.533259264132072,CASTILLA
-2.5023679544588253,-12.087630595478744,CASTILLA
-2.037374801869909,-11.76456156121705,CASTILLA
-2.15863452296417,-11.282622925823956,CASTILLA
-2.3811287738922537,-13.306582167008685,CASTILLA
-3.313839933213066,-13.037798180509611,CASTILLA
-2.309700566000285,-11.694446926734711,CASTILLA
-2.4908212955550173,-12.480411849236468,CASTILLA
-2.5082497229985625,-11.483320239963268,CASTILLA
-2.908401012406705,-11.969126545064146,CASTILLA
-2.964127707686932,-11.282788609843816,CASTILLA
-3.49284694209739,-10.331509510640078,CASTILLA
-3.8320040435724514,-10.715605561384058,CASTILLA
-3.9358906278954455,-10.894981219328326,CASTILLA
-3.2871969171947684,-11.11571813111807,CASTILLA
-4.582859862949783,-9.505747546252268,CASTILLA
-3.1285677122387923,-10.213854275664684,CASTILLA
-3.0830074347254035,-10.955767997354387,CASTILLA
-3.1435448071756014,-11.86810684374573,CASTILLA
-2.3383839800819275,-11.148850080008607,CASTILLA
-2.984081737890157,-11.232818728526963,CASTILLA
-2.576908190732011,-11.587437129635427,CASTILLA
-3.0120138073289877,-11.374463832732328,CASTILLA
-3.3234058263185213,-11.203502555037756,CASTILLA
-2.4243366807318374,-11.60571335535352,CASTILLA
-2.705632916587521,-10.492143290604409,CASTILLA
-3.1668977680441137,-11.461542020800453,CASTILLA
-2.8477699445037503,-10.768414414788024,CASTILLA
-2.9703845173525854,-10.785547037585228,CASTILLA
-2.3694682090034127,-11.460533866187909,CASTILLA
-1.9862587024765472,-12.964872207952991,CASTILLA
-1.800260669593269,-13.727652163300792,CASTILLA
-0.8227440423135588,-14.594136107997205,CASTILLA
-1.166047104157139,-14.34576966909308,CASTILLA
-0.9820918402487492,-13.71978722966779,CASTILLA
-1.2840799037092,-14.325274474881375,CASTILLA
-1.109168470447786,-13.883222503792563,CASTILLA
-0.9160217876572876,-13.549343628051568,CASTILLA
-0.853684434984905,-13.132233495005076,CASTILLA
-0.7408807512822673,-14.060603151970556,CASTILLA
0.1836777300971851,-13.673267391122712,CASTILLA
-0.2841589283274484,-14.143672567183197,CASTILLA
-0.296253643703501,-13.889238014069404,CASTILLA
-0.2885117479657239,-13.932436119141151,CASTILLA
-1.1296264562652802,-14.42358864391442,CASTILLA
-1.5044762402162049,-13.635529825879871,CASTILLA
-0.2211513811116136,-12.86107334980946,CASTILLA
-0.7396045570985293,-12.974668796935903,CASTILLA
-0.9691604486276096,-13.455367619494467,CASTILLA
-1.7294005779145902,-13.199379526408247,CASTILLA
-1.7915680824908615,-13.81390163854926,CASTILLA
-1.0803376934491211,-12.863860673475005,CASTILLA
-0.3910144283777573,-12.538156453343506,CASTILLA
-0.4436231804821824,-13.908042702899069,CASTILLA
-0.390453110887911,-14.325793544749338,CASTILLA
0.1642317515331248,-13.712369964411751,CASTILLA
0.0985133442518625,-13.455946301316777,CASTILLA
-0.2890005535334246,-13.643436355009438,CASTILLA
0.2761494175459352,-13.11855289162079,CASTILLA
0.0100600458636756,-13.30793390907902,CASTILLA
-0.6522592786944124,-13.236036481984687,CASTILLA
-0.1070390254103698,-12.842061332439023,CASTILLA
0.0730256852217978,-13.350083426799934,CASTILLA
-0.1571126680141786,-12.322918100881852,CASTILLA
-1.1932635508127292,-13.19278712294337,CASTILLA
-0.7662471783018268,-12.506790689588067,CASTILLA
-0.6517725597042013,-12.99571925056949,CASTILLA
-0.7326585343396481,-13.511611861874242,CASTILLA
0.0574809193915213,-14.459503107653951,CASTILLA
-5.120182283099759,-4.701755841466152,CASTILLA
-4.3439275429195705,-0.8929018587841661,CASTILLA
-4.163712509429086,-0.4853797006076092,CASTILLA
-4.344124321123609,-0.2133426468474475,CASTILLA
-4.287595233735535,0.022313614296306,CASTILLA
-4.542983496448069,-0.832539198806657,CASTILLA
-4.007929248397281,0.1481370845138091,CASTILLA
-4.541287348943208,-0.1263502876557463,CASTILLA
-4.622019328499567,-0.5718613915182325,CASTILLA
-4.60741623645856,-0.5794362702639948,CASTILLA
-4.736963413515527,-0.7633866424234149,CASTILLA
-4.320815753754569,-0.21245688766582,CASTILLA
-3.782180350864288,0.2999055282634741,CASTILLA
-4.525749797386449,-0.0656686898214637,CASTILLA
-4.89099918353132,-0.9262449175407608,CASTILLA
-4.053090741342224,0.0800595575331057,CASTILLA
-5.107982592751785,0.0957828629631913,CASTILLA
-4.536272980545801,-0.0734485911153456,CASTILLA
-4.349613974679401,0.0246184299308436,CASTILLA
-4.120525913559547,0.4032408748318811,CASTILLA
-4.299482809249817,0.127907251022417,CASTILLA
-4.994143786072013,0.3262362063420916,CASTILLA
-4.154160108592417,0.2379469030169393,CASTILLA
-4.154083698795721,-0.0507868967491161,CASTILLA
-3.979444342491665,-0.3989237512779103,CASTILLA
-4.164301463551295,0.1176620925896319,CASTILLA
-4.249811483635356,-0.542621598213603,CASTILLA
-4.259932268786025,0.4247248576925129,CASTILLA
-3.774007410754943,0.3689183200510166,CASTILLA
-4.102133590071986,-0.1380869730933114,CASTILLA
-4.126369364568033,0.360027051237371,CASTILLA
-3.808342987635754,0.5481147261701552,CASTILLA
-4.090768437956065,1.1327889053091875,CASTILLA
-3.5690439068621536,0.5928855343541641,CASTILLA
-3.3552752163579185,0.9489591460791816,CASTILLA
-3.81831514398474,1.1311953341916807,CASTILLA
-3.8976366731418,1.381887727731929,CASTILLA
-4.5810519166033785,0.6803040737355743,CASTILLA
-4.00520941607244,0.5965907245478056,CASTILLA
-4.133175053444676,0.8265300120369227,CASTILLA
-4.277355514362322,1.2371939604945317,CASTILLA
-4.078347578677882,1.5667291985752134,CASTILLA
-4.491817534224023,1.7763100125701368,CASTILLA
-4.496765668941141,1.3750356029153714,CASTILLA
-4.561377266403153,1.9287224968411725,CASTILLA
-4.33461282918291,1.6725272145123018,CASTILLA
-4.7751263288592325,1.6907155579811717,CASTILLA
-5.0859819756538815,1.6272755025275056,CASTILLA
-4.816669002594409,1.8409344164988133,CASTILLA
-4.842682656295472,1.26013323410416,CASTILLA
-3.9038572454106895,2.618457106841108,CASTILLA
-4.3743116165557705,2.691010293612624,CASTILLA
-4.860701985183954,2.2021885553019898,CASTILLA
-4.539522648812021,2.480334281879073,CASTILLA
-4.553820495765726,2.423944202849033,CASTILLA
-4.389240620155808,2.279606745430508,CASTILLA
-4.274487705241254,2.569966757199228,CASTILLA
-4.134342136515573,2.207615370354968,CASTILLA
-4.278927787934292,2.4746524538335115,CASTILLA
-4.312289318384312,2.163198125931404,CASTILLA
-4.036946861364101,3.0409742620248057,CASTILLA
-4.26369394060242,2.5314769108133484,CASTILLA
-4.01704077932706,2.823004099639344,CASTILLA
-4.63429268616777,1.5835727304769869,CASTILLA
-4.1297742129192265,2.725564234771943,CASTILLA
-5.006435336075817,2.0402710955885115,CASTILLA
-4.774183621229687,2.834688808663152,CASTILLA
-4.089166265627161,3.2193942528290576,CASTILLA
-4.388197344425399,3.2676237241081147,CASTILLA
-5.009548737598713,2.8514904796576213,CASTILLA
-4.846164046109934,3.1144616324709538,CASTILLA
-4.85717518507579,2.802658684108472,CASTILLA
-4.487924143140488,2.2064823814583727,CASTILLA
-4.649952396284971,3.201823743714877,CASTILLA
-5.349602741674825,2.033089215004427,CASTILLA
-4.705004907445552,3.519751596856966,CASTILLA
-4.49482904000006,3.190673495162069,CASTILLA
-4.850082376543366,2.898166424431728,CASTILLA
-5.234187897650438,2.922297448142471,CASTILLA
-4.708409649207964,3.4896010882065016,CASTILLA
-4.960243090976044,3.2046551502385507,CASTILLA
-5.267234581826625,3.1790864659616527,CASTILLA
-5.002918413769573,3.294409919342977,CASTILLA
-5.688260642484678,3.445916299131235,CASTILLA
-5.063746000599313,3.641486822260854,CASTILLA
-5.254727202076886,3.5242001409157075,CASTILLA
-5.05455612754059,4.198878459189936,CASTILLA
-4.827360399619579,3.75101357536113,CASTILLA
-5.218592998218005,3.666044041178408,CASTILLA
-5.692054621203813,3.764773115649701,CASTILLA
-5.304347878815935,3.933522632872682,CASTILLA
-5.439292256213521,3.948000608479312,CASTILLA
-5.572388582049177,4.15027314606585,CASTILLA
-4.968918517295851,4.5243190835943015,CASTILLA
-5.095743150768564,4.986165245923869,CASTILLA
-4.940892089486001,4.5094630701033305,CASTILLA
-5.442632969953284,4.48825673772335,CASTILLA
-5.681350777798114,4.169383831934497,CASTILLA
-5.278565292686297,4.9727241139365495,CASTILLA
-5.200567122266274,4.721051484172001,CASTILLA
-5.819964005854624,5.011123373854007,CASTILLA
-5.358367296187224,4.606253394551837,CASTILLA
-5.389512809708529,4.483303893097516,CASTILLA
-5.434117462229529,4.909168836956074,CASTILLA
-6.004510988080493,4.742942293659701,CASTILLA
-5.783417059254212,5.032514301649216,CASTILLA
-6.1566620075178005,4.84449468689049,CASTILLA
-6.305773610000607,5.1459736533288805,CASTILLA
-6.079681697308264,4.7390428228300765,CASTILLA
-5.777887974613703,5.466049520490411,CASTILLA
-6.161419442929801,5.32807610332035,CASTILLA
-5.908157464890967,4.87295039264801,CASTILLA
-5.923229342158441,4.93850778851318,CASTILLA
-6.199378281119688,5.551419352904573,CASTILLA
-5.964210211521047,4.205609580266724,CASTILLA
-6.165991427526093,5.14093154993418,CASTILLA
-6.208459845806033,4.855028481845992,CASTILLA
-6.957088024949106,5.364175618375825,CASTILLA
-6.842652346954888,4.69935116689434,CASTILLA
-6.823083283254179,4.154547491089718,CASTILLA
-7.036443628621594,4.647961780842688,CASTILLA
-6.426008260643519,4.790876421906485,CASTILLA
-6.2435541526773415,5.261754435508066,CASTILLA
-5.8846892144690415,4.940952278231683,CASTILLA
-6.107876445208376,5.17452701124433,CASTILLA
-6.303883885076718,4.64169445585835,CASTILLA
-5.335781494959918,5.004757798365461,CASTILLA
-6.159081259272491,4.843659679748732,CASTILLA
-6.131904600214655,5.188076873992122,CASTILLA
-6.22068227166938,5.136073100081559,CASTILLA
-6.909529728634136,5.159680151761356,CASTILLA
-6.237926685256046,5.140670054331615,CASTILLA
-6.620526586981747,5.00128618238781,CASTILLA
-6.777928501131389,4.759002599107251,CASTILLA
-6.651843171594584,4.786946379315134,CASTILLA
-7.665576907911947,5.062673468979203,CASTILLA
-7.484033156079145,4.2756917583908685,CASTILLA
-7.190837789703315,4.516862431167962,CASTILLA
-7.415839263311578,4.841377573287593,CASTILLA
-7.847968387977953,4.733722791833329,CASTILLA
-7.207532118351262,4.533152303677665,CASTILLA
-7.259552093332991,5.738101521674498,CASTILLA
-7.439360718685973,5.166715411097106,CASTILLA
-7.080364889903424,5.70774754002966,CASTILLA
-7.360836347425694,5.288254496213633,CASTILLA
-6.683137629787574,5.240538294625228,CASTILLA
-6.784458630537725,4.485416766924222,CASTILLA
-7.755043428853961,4.674444405523886,CASTILLA
-6.536485608686707,4.556345261305137,CASTILLA
-7.177500749831823,4.676825153840037,CASTILLA
-6.456605737040176,5.322293927079135,CASTILLA
-5.95665798979768,5.361911560395851,CASTILLA
-6.3469151598460805,5.445055265143853,CASTILLA
-6.238248640573027,5.227456977209852,CASTILLA
-5.3111963794325145,5.9293737975446685,CASTILLA
-6.146599894386124,5.79708649409991,CASTILLA
-5.768817615769748,5.727281244197678,CASTILLA
-6.2965026691644725,4.812009889851445,CASTILLA
-5.564306670829422,6.207183709701636,CASTILLA
-5.845467303187902,5.473576780355948,CASTILLA
-5.891963399002603,5.3721986630121705,CASTILLA
-5.817766687894888,5.054454179598769,CASTILLA
-5.57885083965516,5.030718738212084,CASTILLA
-5.872430958090767,5.418056722710498,CASTILLA
-5.457343211268127,5.556283041248958,CASTILLA
-5.080983909829342,5.366318008483829,CASTILLA
-5.589063841169935,5.015880943919745,CASTILLA
-5.480692633925502,5.428613566620725,CASTILLA
-5.652299782079156,5.270497011170569,CASTILLA
-5.249571009463754,4.932371269805949,CASTILLA
-5.834654082479993,5.031366467067367,CASTILLA
-6.160126312412867,5.336874576739116,CASTILLA
-6.5504681475916335,5.042512900033639,CASTILLA
-5.476012578738461,4.983715999562897,CASTILLA
-5.122989706927132,4.982312772810912,CASTILLA
-5.220906006328488,5.468274299018122,CASTILLA
-5.793450298607601,5.332191445125946,CASTILLA
-6.491880633850076,4.97183950604017,CASTILLA
-5.428511498127266,5.659718354930846,CASTILLA
-6.133333055896303,5.521546772949915,CASTILLA
-6.001048877969498,5.632965424287409,CASTILLA
-6.081447624542951,5.573998541815397,CASTILLA
-5.846526023986065,5.564600219382527,CASTILLA
-6.013338404070538,5.75588927254106,CASTILLA
-6.72597043688158,5.207790199226105,CASTILLA
-6.625091738376641,5.426551560310277,CASTILLA
-5.963521000558008,5.389192340238679,CASTILLA
-6.603871973459165,4.804351440840144,CASTILLA
-6.340755871396555,5.60914528999024,CASTILLA
-6.595893278598831,5.596891481901157,CASTILLA
-6.060657565446139,5.685910313150954,CASTILLA
-6.3249589357251725,5.971869292626017,CASTILLA
-5.6042358971576665,6.006954956104388,CASTILLA
-5.243541381056453,5.8319115418914445,CASTILLA
-5.121806260840241,6.444053269532977,CASTILLA
-4.265042383676855,6.2463340289172375,CASTILLA
-4.751098453723825,6.914128218675296,CASTILLA
-4.807216797513513,6.391335640382945,CASTILLA
-5.328965290296601,6.63772315923702,CASTILLA
-5.275212945481709,6.544998011793389,CASTILLA
-5.515350248454487,6.28085657920132,CASTILLA
-4.961252390583837,6.884777609608466,CASTILLA
-5.187814272761278,6.734209351441528,CASTILLA
-4.3583644267990165,6.708261644467576,CASTILLA
-5.034104735229046,7.046693102515888,CASTILLA
-4.77684831383706,7.19420641002613,CASTILLA
-4.539807455121354,7.470627589760745,CASTILLA
-4.5250280732060135,7.0334595969760505,CASTILLA
-4.353468885601438,7.676615033782566,CASTILLA
-4.127997157407209,7.552354038318187,CASTILLA
-4.162678328454029,7.102502510402104,CASTILLA
-4.112466413473502,7.672608136987109,CASTILLA
-4.365087460499223,7.9110995416087135,CASTILLA
-4.908606965486858,7.412662935546873,CASTILLA
-4.752000946996394,7.562473259081202,CASTILLA
5.768168327695264,-1.5561913533456146,MEZCLA
6.496356299860408,-0.6871343510814866,MEZCLA
7.324107707420959,0.0130053839191562,MEZCLA
7.360423900063671,-0.4679126314088923,MEZCLA
7.519206989471614,-0.8775691986598625,MEZCLA
7.803260722765569,-1.0752399539693538,MEZCLA
8.754637486752054,-1.7775616140252644,MEZCLA
8.633301318919079,-1.752314847995387,MEZCLA
9.584799710024646,-1.4626394815505033,MEZCLA
10.06631412063806,-0.7498703853443873,MEZCLA
9.91950211659289,-1.9982565086297883,MEZCLA
10.928311878430332,-0.877246644712749,MEZCLA
10.449864725217155,-0.5899571022277609,MEZCLA
11.288826305395446,-0.2278297413934883,MEZCLA
10.7245425642184,-0.5317257571071198,MEZCLA
10.302704232291358,-1.1520932950087548,MEZCLA
10.949867428136333,-0.1812933323082114,MEZCLA
9.970900631288789,-0.6643060533284857,MEZCLA
9.895150227745749,-0.4777880940465047,MEZCLA
9.98816500103142,-0.4331789659414743,MEZCLA
9.611161370589064,-0.5063547124110913,MEZCLA
9.994301178201336,0.1376708442794368,MEZCLA
10.161039657765874,0.147671086611552,MEZCLA
9.720881507338833,-0.0464270017086749,MEZCLA
10.053548603221287,0.542323987877317,MEZCLA
10.183294552548194,0.3165032492632171,MEZCLA
10.165312702931583,0.6041785566441956,MEZCLA
10.096541197515243,0.9925719640079744,MEZCLA
9.971469622124568,0.6001092613819985,MEZCLA
10.189730277734707,0.2781906463810772,MEZCLA
9.901832109424424,0.760105467413949,MEZCLA
10.05336452680352,0.5204717219194905,MEZCLA
10.735453599357498,0.5744436425269711,MEZCLA
11.001642740821392,1.3925762506436938,MEZCLA
10.885668847065356,1.8623069727696075,MEZCLA
10.318910502409096,0.910839448314566,MEZCLA
10.310307445148212,1.979073399663592,MEZCLA
10.394210579891144,1.3750957625961346,MEZCLA
11.120745955212104,1.740297889268397,MEZCLA
10.316024872161975,2.14614733176382,MEZCLA
10.271023938384715,1.5748177636966902,MEZCLA
10.468956249179632,1.6322340372443096,MEZCLA
9.950916065481776,1.4681566099360088,MEZCLA
9.750157846375783,1.1248015252609485,MEZCLA
9.898274951560932,1.3466106296593998,MEZCLA
9.717397749039815,1.1208469258645344,MEZCLA
10.025951230250586,1.607261517899739,MEZCLA
10.163886486379118,1.425540721028996,MEZCLA
10.310776818089971,1.9164565576067856,MEZCLA
9.869160768941892,1.4786754502638193,MEZCLA
10.183044580647891,1.6761659470208992,MEZCLA
10.074888468499209,2.090866820804231,MEZCLA
10.106125425962333,2.0149985540315414,MEZCLA
9.666575085024729,2.0690593243072657,MEZCLA
9.921838603013894,1.673936238053683,MEZCLA
10.27988841428708,2.040377394214663,MEZCLA
9.66271255867545,0.5057244209056148,MEZCLA
10.572716541388704,1.8778148961046148,MEZCLA
9.768159896210689,1.2318796824799207,MEZCLA
10.279427180744596,1.7107375348849292,MEZCLA
10.32302039525395,1.6588868145360498,MEZCLA
10.451065675699908,2.060457234247521,MEZCLA
9.821265277746486,1.5244438233592663,MEZCLA
9.733270766349408,2.020906847837336,MEZCLA
9.833623913056243,1.991472821562407,MEZCLA
8.88829519004749,1.4422749545679645,MEZCLA
8.799158687505795,1.1229216049696822,MEZCLA
8.933410111391403,1.2016553420769776,MEZCLA
9.059268805333351,1.8117585663482985,MEZCLA
9.127901905625109,1.6819301029900051,MEZCLA
8.761615435441495,1.380825068590646,MEZCLA
8.693151268050716,1.7926987268818,MEZCLA
8.764074399407999,1.3905853402205914,MEZCLA
9.44865384303595,1.8415995210128464,MEZCLA
8.589306205133074,1.0830186341151922,MEZCLA
8.530060079190836,1.5165509732474407,MEZCLA
8.87891830920401,1.9635921455335372,MEZCLA
8.608669684775455,1.9860568463609936,MEZCLA
8.354500847837183,1.7400855900744645,MEZCLA
8.626132789757019,1.7512467925493418,MEZCLA
8.747296784151597,1.8139165865412188,MEZCLA
8.326877380566918,1.641081182065545,MEZCLA
8.883858932953423,1.9403068395349672,MEZCLA
8.57181844199553,1.2726275534805396,MEZCLA
8.394069649267195,1.6218676277108337,MEZCLA
8.4349676607092,1.5149554543880557,MEZCLA
8.606862896746255,1.2138430299874623,MEZCLA
9.328692085604496,1.7916167195464057,MEZCLA
8.923639130017106,1.4053387860979685,MEZCLA
8.83505920735308,1.3187537063024326,MEZCLA
8.74460288360304,1.6621852009417717,MEZCLA
8.724936514252134,2.1082671797402,MEZCLA
8.364275857751892,1.950717142388998,MEZCLA
8.842529104176476,2.3804492129892387,MEZCLA
8.306192536067373,1.9376339695907072,MEZCLA
8.128140265999967,1.7593056807529894,MEZCLA
8.34943834155095,2.3019209147463946,MEZCLA
8.620770781044751,2.594799772107591,MEZCLA
8.645054021466287,2.0348625632310653,MEZCLA
7.956927780494875,2.088517365876416,MEZCLA
9.11080824018663,2.6437829179848515,MEZCLA
8.224026665130642,1.7371307677748795,MEZCLA
8.03143185678921,2.044092190140001,MEZCLA
8.205942250210613,1.41126935173974,MEZCLA
8.605253213493734,1.9832880225959988,MEZCLA
8.548873583756992,2.0343361586190905,MEZCLA
9.50255023171907,2.593628635173845,MEZCLA
9.856053061458272,2.4643484644205245,MEZCLA
9.130176718466275,2.510930334691461,MEZCLA
9.224816789027836,2.319169507064635,MEZCLA
9.4225174864447,1.8147047903877616,MEZCLA
9.133668068329676,2.101947394615958,MEZCLA
8.878308007601328,2.127263923817883,MEZCLA
8.992948526108684,1.994515001766507,MEZCLA
8.67775103060101,2.7530933894936083,MEZCLA
9.247956590833931,2.7646061571852374,MEZCLA
9.37289832314872,2.1222922456468565,MEZCLA
8.687933532315384,1.9322259171386988,MEZCLA
9.102579865371794,2.2554759869534835,MEZCLA
9.471020334391534,2.6092281813637173,MEZCLA
8.994618239681332,2.0354570507725898,MEZCLA
9.5587138021849,2.3908893854935798,MEZCLA
8.990635942638207,1.9256307269465984,MEZCLA
8.56705543377561,1.906453122878479,MEZCLA
8.41690586516349,1.7723002356234976,MEZCLA
9.057427864834091,0.9161042260471546,MEZCLA
9.245068779888994,2.268510160477078,MEZCLA
9.040331783172794,1.544217271522812,MEZCLA
10.031077833202756,2.4485850466662598,MEZCLA
8.604445981924359,1.4903030872998564,MEZCLA
9.408268114977714,2.141773207107627,MEZCLA
9.290602716671872,2.521294930538022,MEZCLA
9.198686331172302,2.5401797854237342,MEZCLA
9.84199764809338,2.0210547860608283,MEZCLA
9.172197697960806,1.506845609022699,MEZCLA
9.351251225710442,2.1433302150835654,MEZCLA
9.611830287855168,2.477562750496638,MEZCLA
9.536815365936077,1.9815753821070756,MEZCLA
9.890889203942434,2.7529252158919086,MEZCLA
9.537676627662853,1.852415030114526,MEZCLA
8.950301400152535,2.568456696924664,MEZCLA
8.893309733083521,1.9172825563643503,MEZCLA
8.788175280320159,2.178300129140772,MEZCLA
8.985114614728351,2.047262354738697,MEZCLA
8.461060672440757,1.943093102055675,MEZCLA
7.982479921469766,2.017151428827216,MEZCLA
8.326357707821305,2.0458649253883463,MEZCLA
8.450396658740598,2.2811260963201323,MEZCLA
8.770451770347353,2.797625722023282,MEZCLA
9.1123303448285,2.666960544011621,MEZCLA
8.70070699041074,1.9703698369049345,MEZCLA
9.363395462874774,3.251733823603029,MEZCLA
8.55601349903151,2.2706851115278304,MEZCLA
7.262933868784148,1.8250996919655509,MEZCLA
7.833561242560069,2.990825358835971,MEZCLA
7.918028497883974,2.623809685027044,MEZCLA
7.962274490286582,2.7773547852328484,MEZCLA
7.754569842737804,2.021912580642377,MEZCLA
7.60048220764809,2.59855117611056,MEZCLA
7.823887134349434,2.977249457619957,MEZCLA
8.239711343968308,2.4274141596942043,MEZCLA
8.118863963246282,2.8521184125956465,MEZCLA
8.222682715436708,3.057458706276382,MEZCLA
7.838688924530792,2.657267136911204,MEZCLA
7.6667895891694835,2.237819463218696,MEZCLA
7.437882097999346,2.756267663656613,MEZCLA
7.415279377553896,2.241998624834841,MEZCLA
7.186068115419087,2.6767386776000217,MEZCLA
7.75305010969803,3.08048690310967,MEZCLA
8.071805513450624,3.2180262906734893,MEZCLA
8.372698649815346,3.025714549459529,MEZCLA
7.983451829559873,2.326722409712933,MEZCLA
7.821097760057754,2.842955330801633,MEZCLA
8.909726227027846,3.356414754128776,MEZCLA
7.98581823830615,2.955852344969333,MEZCLA
7.114296871864744,2.1978443839279227,MEZCLA
7.047745353727088,1.840603851350316,MEZCLA
7.416071262487346,2.2268126977942857,MEZCLA
7.684609170731009,2.7166751630033144,MEZCLA
7.547209249918866,2.2643213887641864,MEZCLA
7.720629502855071,3.038245794380978,MEZCLA
7.966941979376444,2.7150876193666167,MEZCLA
8.663768015582631,2.5049405002949032,MEZCLA
8.495709357213794,2.60071151476926,MEZCLA
8.485171445400844,2.857650837612838,MEZCLA
8.088764375925436,2.0993223865470463,MEZCLA
8.550414208436722,2.7183719655125613,MEZCLA
7.977878511700288,3.169426189668328,MEZCLA
7.727023022954125,2.5168151656792785,MEZCLA
7.498781436500512,1.432201307280632,MEZCLA
7.781103811867871,2.0088666365038432,MEZCLA
7.2999444600601855,1.7720277715095574,MEZCLA
7.699191263007188,1.877410953160508,MEZCLA
7.8901775315713,2.2335638467905845,MEZCLA
6.733766975567398,1.7032142299287565,MEZCLA
7.483006978628835,2.4036844287339503,MEZCLA
8.024584727230968,3.314485032839185,MEZCLA
8.34686171223934,2.852119597275913,MEZCLA
8.028897588334301,2.789887916858014,MEZCLA
8.046840262747596,2.677678568159543,MEZCLA
7.921249567314208,2.866454213008571,MEZCLA
7.703508307396076,2.506621732248289,MEZCLA
8.370228832824221,2.850152041909852,MEZCLA
7.9667026072248595,3.0257552715817404,MEZCLA
7.477210057825541,2.445437386358106,MEZCLA
7.972473492481059,2.9110100555459506,MEZCLA
7.886867370665268,2.612185456403887,MEZCLA
7.443093632445483,2.749636727203038,MEZCLA
8.153676123716913,2.385593419865743,MEZCLA
8.069419963752376,2.018654597298556,MEZCLA
8.901903690413194,5.185745186790935,MEZCLA
8.006302971717744,4.801417937340855,MEZCLA
8.151858723553808,3.4953834371334827,MEZCLA
7.977044354604447,1.2266269395677176,MEZCLA
7.696416041317023,-0.2232856789769504,MEZCLA
7.898379626826696,0.1564078388711366,MEZCLA
8.474172739860053,-0.204061787668305,MEZCLA
8.662173923183142,-0.3145709288394609,MEZCLA
7.289620539463341,-0.3459122564057545,MEZCLA
7.466470233614602,-0.0313469949405873,MEZCLA
7.497920715792111,0.1145310782902589,MEZCLA
7.219406739283775,0.4969736376881544,MEZCLA
6.9567343360369085,0.5830872387668949,MEZCLA
7.368118480329967,-0.7728981646302174,MEZCLA
6.457018771583801,0.5621590772649877,MEZCLA
6.407861614943463,0.8506417708565418,MEZCLA
6.534693622145581,1.906924760282413,MEZCLA
6.629149903568001,1.2718229195570805,MEZCLA
6.358616227048215,1.4937086319637036,MEZCLA
7.093489897938183,0.4744519657576913,MEZCLA
7.07202840488694,1.0333979309625123,MEZCLA
6.647469822182395,1.2390388120025917,MEZCLA
5.8855159255749685,0.8241288140712903,MEZCLA
5.951847482634194,2.4034509671613047,MEZCLA
6.840399184554,1.018108639230519,MEZCLA
5.776872063801316,2.2709928831486703,MEZCLA
6.521073868144939,1.923047630636768,MEZCLA
6.876178822776272,1.655951143323413,MEZCLA
6.536970651850953,1.7557770220979043,RUBIALES
6.019722414087432,0.6787200647666118,RUBIALES
5.166580844415047,2.314576883433692,RUBIALES
6.529660923812446,2.4472562118051613,RUBIALES
6.638754991631523,1.6501563149581953,RUBIALES
6.347802032204658,1.801680812134352,RUBIALES
5.929836946349484,1.5142187544323202,RUBIALES
6.570173105751584,1.9379202923858605,RUBIALES
6.6738768719147465,1.756353184131607,RUBIALES
7.006415464887074,1.8426652722367367,RUBIALES
6.995169696782029,2.10875925391332,RUBIALES
6.768874706895431,1.1422710803019078,RUBIALES
6.923184722419098,1.2605098630943994,RUBIALES
6.951501462159667,2.5643186546041647,RUBIALES
7.465002302328562,1.325069082727662,RUBIALES
7.745178421303773,1.4533783421143516,RUBIALES
6.866182430884305,0.0798709975932685,RUBIALES
7.201265910530006,1.4290922287109098,RUBIALES
7.042280229128398,0.9719888585833176,RUBIALES
5.973038763198577,1.9522592131841732,RUBIALES
6.442460468177037,1.5333748106227971,RUBIALES
7.251006868150241,0.5982316033958285,RUBIALES
6.274300146833351,1.423354787183995,RUBIALES
6.463353094275424,1.468204458323856,RUBIALES
6.184144614651659,1.4922262391443597,RUBIALES
5.743487988225384,0.6180164722722142,RUBIALES
6.549757807948601,1.6278249916321028,RUBIALES
6.50730330041883,2.235061700480898,RUBIALES
7.008595500932526,1.340572516794486,RUBIALES
6.584149028957044,0.2666432620200947,RUBIALES
6.480230945466196,0.9368610749161336,RUBIALES
5.851342377863491,0.5311635836170525,RUBIALES
6.283997892961756,1.1229177650648965,RUBIALES
5.609317362131463,1.805324301806968,RUBIALES
6.298393402193942,3.356890792720737,RUBIALES
6.44339613446305,2.919973397401294,RUBIALES
6.005728144165842,2.5981530167264038,RUBIALES
6.600977572201967,-0.2114835409607981,RUBIALES
7.621702308993671,1.0395789928803003,RUBIALES
6.268917857869223,-0.2420670691316324,RUBIALES
7.634798451242135,0.8902461374410953,RUBIALES
6.462277457533212,1.4226591933579815,RUBIALES
7.8636644566198415,0.6496603998082505,RUBIALES
6.787968651556283,0.8439623163371966,RUBIALES
7.095438591277137,0.5374625943381685,RUBIALES
6.702243705651108,1.0821330773959985,RUBIALES
6.748065969852738,1.5109238967401797,RUBIALES
5.700486121091722,2.4201710289380727,RUBIALES
5.305122000100986,2.5963029656152266,RUBIALES
5.722136989387379,2.2172739691027243,RUBIALES
6.912082138329857,1.543876342602857,RUBIALES
7.109944517650973,1.0007359374623157,RUBIALES
5.595514883003439,0.9898579509429666,RUBIALES
7.081020096721806,0.8822344994363909,RUBIALES
6.128236303472411,0.6774041560265759,RUBIALES
6.572929173576931,1.7084830800791289,RUBIALES
6.893438797513595,0.9914119095968004,RUBIALES
5.773553850178961,0.2270254460735588,RUBIALES
6.204081185125657,0.9559910387214506,RUBIALES
6.859571933804095,0.8454308844021635,RUBIALES
6.827467149609468,0.5488575786523691,RUBIALES
6.106358807300961,1.3739341641856322,RUBIALES
6.484259710401232,0.5963042827046641,RUBIALES
6.530444431497191,0.63006929938668,RUBIALES
7.216844579395669,0.1660084863033916,RUBIALES
6.334589058261125,0.4651351094376142,RUBIALES
5.62551505518835,0.6767939765989985,RUBIALES
6.670333390201459,1.3408195265680831,RUBIALES
