Batch,weight_id,weight_variable,matched_raw_column,component,family,position,unit,value_stat,orientation,v0_estimated,h_estimated,hh_estimated,min_value,p01,p05,median_value,p95,p99,max_value,n_windows,threshold_method,threshold_warning
CASTILLA,1.0,Desplazamiento Pico a Pico VIX1 — LL Motor [µm],LL MOTOR\VIX1-74447\Desplazamiento Pico a Pico [µm],motor,displacement_pp,ll,um,mean,cost,25.598591712,28.894192556333333,29.0783223323,25.06733179,25.25539034833333,25.598591712,27.58678280666667,28.894192556333333,29.0783223323,29.249672593333333,619,batch_percentile_p05_p95_p99,
CASTILLA,2.0,Desplazamiento Pico a Pico VIY1 — LL Motor [µm],LL MOTOR\VIY1-74448\Desplazamiento Pico a Pico [µm],motor,displacement_pp,ll,um,mean,cost,25.513904471666667,28.61814548483333,28.83030458716667,25.108602715,25.2982964022,25.513904471666667,27.50152882833333,28.61814548483333,28.83030458716667,28.88033141833333,619,batch_percentile_p05_p95_p99,
CASTILLA,3.0,Desplazamiento Pico a Pico VIX2 — LA Motor [µm],LA MOTOR\VIX2-74445\Desplazamiento Pico a Pico [µm],motor,displacement_pp,la,um,mean,cost,31.384106042166668,34.50281114316667,34.71454974873334,30.983412886666667,31.1892563084,31.384106042166668,33.681131835,34.50281114316667,34.71454974873334,34.88123590166666,619,batch_percentile_p05_p95_p99,
CASTILLA,4.0,Desplazamiento Pico a Pico VIY2 — LA Motor [µm],LA MOTOR\VIY2-74446\Desplazamiento Pico a Pico [µm],motor,displacement_pp,la,um,mean,cost,31.870608171666667,34.87879947216666,35.10777994753333,31.447376085,31.669618386766665,31.870608171666667,34.009260778333335,34.87879947216666,35.10777994753333,35.34092368833333,619,batch_percentile_p05_p95_p99,
CASTILLA,5.0,Desplazamiento Pico a Pico VIX3 — LA Bomba [µm],LA BOMBA\VIX3-74442\Desplazamiento Pico a Pico [µm],bomba,displacement_pp,la,um,mean,cost,39.84492448133333,42.7707296995,43.0358674527,39.364377325,39.577450506,39.84492448133333,41.54887479,42.7707296995,43.0358674527,43.21024174833334,619,batch_percentile_p05_p95_p99,
CASTILLA,6.0,Desplazamiento Pico a Pico VIY3 — LA Bomba [µm],LA BOMBA\VIY3-74441\Desplazamiento Pico a Pico [µm],bomba,displacement_pp,la,um,mean,cost,67.288832814,79.60087324533333,80.26432081936666,65.84353915666667,66.39387222263333,67.288832814,74.27002245833334,79.60087324533333,80.26432081936666,81.15067111666667,619,batch_percentile_p05_p95_p99,
CASTILLA,7.0,Desplazamiento Pico a Pico VIX4 — LL Bomba [µm],LL BOMBA\VIX4-74443\Desplazamiento Pico a Pico [µm],bomba,displacement_pp,ll,um,mean,cost,34.009371713,39.8394437185,40.51826829533334,33.25447302833333,33.568913955,34.009371713,36.19126775166667,39.8394437185,40.51826829533334,41.077462815,619,batch_percentile_p05_p95_p99,
CASTILLA,8.0,Desplazamiento Pico a Pico VIY4 — LL Bomba [µm],LL BOMBA\VIY4-74444\Desplazamiento Pico a Pico [µm],bomba,displacement_pp,ll,um,mean,cost,39.3249142415,42.9083287765,43.161179567766666,38.39752061333333,38.9060263269,39.3249142415,41.39942403166666,42.9083287765,43.161179567766666,43.626302375,619,batch_percentile_p05_p95_p99,
CASTILLA,9.0,Aceleración RMS — LA Motor Horizontal [g],LA MOTOR\AC LA H MOTOR\Aceleración Rms [g],motor,acceleration_rms,la,g,mean,cost,0.4716150793866666,0.6529436496200001,0.7001916710010001,0.3991639576,0.420350606899,0.4716150793866666,0.5233667867333334,0.6529436496200001,0.7001916710010001,0.7058303226833333,619,batch_percentile_p05_p95_p99,
CASTILLA,10.0,Velocidad RMS — LA Motor Horizontal [mm/s],LA MOTOR\AC LA H MOTOR\Velocidad Rms [mm/s],motor,velocity_rms,la,mm/s,mean,cost,1.253384576366667,1.41165680325,1.4246796460933335,1.2433831726666669,1.2473036428366666,1.253384576366667,1.3147217443333334,1.41165680325,1.4246796460933335,1.4341859421666667,619,batch_percentile_p05_p95_p99,
CASTILLA,11.0,Aceleración RMS — LA Motor Axial [g],LA MOTOR\AC LA A MOTOR\Aceleración Rms [g],motor,acceleration_rms,la,g,mean,cost,0.2443789106283332,0.2748700963333333,0.2780693657213333,0.2364104601833333,0.239671081613,0.2443789106283332,0.2652742520166666,0.2748700963333333,0.2780693657213333,0.28234283705,619,batch_percentile_p05_p95_p99,
CASTILLA,12.0,Velocidad RMS — LA Motor Axial [mm/s],LA MOTOR\AC LA A MOTOR\Velocidad Rms [mm/s],motor,velocity_rms,la,mm/s,mean,cost,1.3730833476666666,1.487101971816667,1.4926221198000005,1.3391233168333334,1.3433896194666668,1.3730833476666666,1.395974301,1.487101971816667,1.4926221198000005,1.495758598,619,batch_percentile_p05_p95_p99,
CASTILLA,13.0,Aceleración RMS — LA Bomba Axial [g],LA BOMBA\AC LA A BOMBA\Aceleración Rms [g],bomba,acceleration_rms,la,g,mean,cost,0.3836794077916666,0.3937178187333333,0.3949609100946666,0.3681793823166667,0.3690888592393333,0.3836794077916666,0.39056005895,0.3937178187333333,0.3949609100946666,0.3962969853,619,batch_percentile_p05_p95_p99,
CASTILLA,14.0,Velocidad RMS — LA Bomba Axial [mm/s],LA BOMBA\AC LA A BOMBA\Velocidad Rms [mm/s],bomba,velocity_rms,la,mm/s,mean,cost,0.6821717764083334,0.7169854791833333,0.7286503437503333,0.6726904861499999,0.676976850048,0.6821717764083334,0.7007481255666667,0.7169854791833333,0.7286503437503333,0.7485302601166667,619,batch_percentile_p05_p95_p99,
CASTILLA,15.0,Aceleración RMS — LA Bomba Horizontal [g],LA BOMBA\AC LA H BOMBA\Aceleración Rms [g],bomba,acceleration_rms,la,g,mean,cost,0.416098883005,0.5797293879916667,0.5855204609176666,0.3932426064333333,0.3982669356736666,0.416098883005,0.54082654485,0.5797293879916667,0.5855204609176666,0.5896931467000001,619,batch_percentile_p05_p95_p99,
CASTILLA,16.0,Velocidad RMS — LA Bomba Horizontal [mm/s],LA BOMBA\AC LA H BOMBA\Velocidad Rms [mm/s],bomba,velocity_rms,la,mm/s,mean,cost,1.4330106782166667,2.1486078226500003,2.17728929443,1.3311838633333333,1.3574273004700002,1.4330106782166667,1.9666300826666665,2.1486078226500003,2.17728929443,2.1933508616666666,619,batch_percentile_p05_p95_p99,
CASTILLA,17.0,Aceleración RMS — LM Variador Horizontal [g],LM VARIADOR\AC LM H VARIADOR\Aceleración Rms [g],variador,acceleration_rms,lm,g,mean,cost,0.8161475141733334,2.1652602616500003,2.1803153679066662,0.80697559935,0.8101747982990001,0.8161475141733334,1.0870162438333333,2.1652602616500003,2.1803153679066662,2.197933418,619,batch_percentile_p05_p95_p99,
CASTILLA,18.0,Velocidad RMS — LM Variador Horizontal [mm/s],LM VARIADOR\AC LM H VARIADOR\Velocidad Rms [mm/s],variador,velocity_rms,lm,mm/s,mean,cost,0.9976936650583332,1.10257452432,1.1181261268533336,0.97847533825,0.9877104358343334,0.9976936650583332,1.0527835625333333,1.10257452432,1.1181261268533336,1.1295942933333334,619,batch_percentile_p05_p95_p99,
CASTILLA,19.0,Aceleración RMS — LB Variador Horizontal [g],LB VARIADOR\AC LB H VARIADOR\Aceleración Rms [g],variador,acceleration_rms,lb,g,mean,cost,0.8401719266200001,1.2270405222166667,1.27413126716,0.8102163606333334,0.8157311264316667,0.8401719266200001,1.1666308993333334,1.2270405222166667,1.27413126716,1.284989458,619,batch_percentile_p05_p95_p99,
CASTILLA,20.0,Velocidad RMS — LB Variador Horizontal [mm/s],LB VARIADOR\AC LB H VARIADOR\Velocidad Rms [mm/s],variador,velocity_rms,lb,mm/s,mean,cost,0.9969190880816668,1.0445571185316669,1.0565185520826668,0.9859762002833332,0.9919059683973332,0.9969190880816668,1.0143054642,1.0445571185316669,1.0565185520826668,1.0629585486833333,619,batch_percentile_p05_p95_p99,
CASTILLA,21.0,Aceleración RMS — LL Motor Horizontal [g],LL MOTOR\AC LL H MOTOR\Aceleración Rms [g],motor,acceleration_rms,ll,g,mean,cost,0.9444620547583332,1.1853087446666668,1.22176940518,0.9161971996833334,0.9283524975063332,0.9444620547583332,1.0147491521166667,1.1853087446666668,1.22176940518,1.2330849236666666,619,batch_percentile_p05_p95_p99,
CASTILLA,22.0,Velocidad RMS — LL Motor Horizontal [mm/s],LL MOTOR\AC LL H MOTOR\Velocidad Rms [mm/s],motor,velocity_rms,ll,mm/s,mean,cost,1.3381889362166668,1.46067386595,1.46681137892,1.3288463053333333,1.3314900832899998,1.3381889362166668,1.3733114463333334,1.46067386595,1.46681137892,1.4710402793333337,619,batch_percentile_p05_p95_p99,
CASTILLA,23.0,Aceleración RMS — LL Bomba Horizontal [g],LL BOMBA\AC LL H BOMBA\Aceleración Rms [g],bomba,acceleration_rms,ll,g,mean,cost,0.4528166784066666,0.5030814671233333,0.5112580811183334,0.4361008974666667,0.441326489344,0.4528166784066666,0.4762871895833333,0.5030814671233333,0.5112580811183334,0.5134670709833333,619,batch_percentile_p05_p95_p99,
CASTILLA,24.0,Velocidad RMS — LL Bomba Horizontal [mm/s],LL BOMBA\AC LL H BOMBA\Velocidad Rms [mm/s],bomba,velocity_rms,ll,mm/s,mean,cost,1.4087109107666664,1.634259843533333,1.65828213114,1.3323525031666668,1.3544119599066669,1.4087109107666664,1.5181279696666663,1.634259843533333,1.65828213114,1.6698040328333332,619,batch_percentile_p05_p95_p99,
MEZCLA,1.0,Desplazamiento Pico a Pico VIX1 — LL Motor [µm],LL MOTOR\VIX1-74447\Desplazamiento Pico a Pico [µm],motor,displacement_pp,ll,um,mean,cost,25.64318977616666,30.077469215166666,30.366346312216667,25.29660891,25.443867185233334,25.64318977616666,29.03736535833333,30.077469215166666,30.366346312216667,30.695918071666664,508,batch_percentile_p05_p95_p99,
MEZCLA,2.0,Desplazamiento Pico a Pico VIY1 — LL Motor [µm],LL MOTOR\VIY1-74448\Desplazamiento Pico a Pico [µm],motor,displacement_pp,ll,um,mean,cost,25.48086893191667,30.419847528583333,30.812027234066665,24.958300381666668,25.19809941165,25.48086893191667,29.23263976333333,30.419847528583333,30.812027234066665,31.261300141666663,508,batch_percentile_p05_p95_p99,
MEZCLA,3.0,Desplazamiento Pico a Pico VIX2 — LA Motor [µm],LA MOTOR\VIX2-74445\Desplazamiento Pico a Pico [µm],motor,displacement_pp,la,um,mean,cost,32.123334262166665,36.59262012258333,36.84410398466667,31.51859164333333,31.718289233883333,32.123334262166665,35.788401205,36.59262012258333,36.84410398466667,37.504386435,508,batch_percentile_p05_p95_p99,
MEZCLA,4.0,Desplazamiento Pico a Pico VIY2 — LA Motor [µm],LA MOTOR\VIY2-74446\Desplazamiento Pico a Pico [µm],motor,displacement_pp,la,um,mean,cost,32.21748343425,37.39624901,37.926609084866655,31.89806609333333,31.9847706008,32.21748343425,36.06090922916667,37.39624901,37.926609084866655,38.74281642,508,batch_percentile_p05_p95_p99,
MEZCLA,5.0,Desplazamiento Pico a Pico VIX3 — LA Bomba [µm],LA BOMBA\VIX3-74442\Desplazamiento Pico a Pico [µm],bomba,displacement_pp,la,um,mean,cost,40.0196174445,47.42930340458334,47.61486714226667,39.64605585833333,39.73650541371666,40.0196174445,46.19810685,47.42930340458334,47.61486714226667,47.783728825,508,batch_percentile_p05_p95_p99,
MEZCLA,6.0,Desplazamiento Pico a Pico VIY3 — LA Bomba [µm],LA BOMBA\VIY3-74441\Desplazamiento Pico a Pico [µm],bomba,displacement_pp,la,um,mean,cost,66.428760586,74.68884426358333,75.31686040940001,65.282404235,65.63688923168334,66.428760586,71.7425081825,74.68884426358333,75.31686040940001,75.71953639666667,508,batch_percentile_p05_p95_p99,
MEZCLA,7.0,Desplazamiento Pico a Pico VIX4 — LL Bomba [µm],LL BOMBA\VIX4-74443\Desplazamiento Pico a Pico [µm],bomba,displacement_pp,ll,um,mean,cost,35.102954420749995,45.70821328341667,46.20405723535,34.459576393333336,34.71126012571667,35.102954420749995,41.7247763375,45.70821328341667,46.20405723535,46.89542307333333,508,batch_percentile_p05_p95_p99,
MEZCLA,8.0,Desplazamiento Pico a Pico VIY4 — LL Bomba [µm],LL BOMBA\VIY4-74444\Desplazamiento Pico a Pico [µm],bomba,displacement_pp,ll,um,mean,cost,39.316115493,47.18017972458333,47.54148816293333,38.323087655,38.68170436486666,39.316115493,46.22551406833334,47.18017972458333,47.54148816293333,47.865725065,508,batch_percentile_p05_p95_p99,
MEZCLA,9.0,Aceleración RMS — LA Motor Horizontal [g],LA MOTOR\AC LA H MOTOR\Aceleración Rms [g],motor,acceleration_rms,la,g,mean,cost,0.4480359652591666,0.6885591447616667,0.7531071526928336,0.4258546913833333,0.4354662748951667,0.4480359652591666,0.5235462096333334,0.6885591447616667,0.7531071526928336,0.8172319142166666,508,batch_percentile_p05_p95_p99,
MEZCLA,10.0,Velocidad RMS — LA Motor Horizontal [mm/s],LA MOTOR\AC LA H MOTOR\Velocidad Rms [mm/s],motor,velocity_rms,la,mm/s,mean,cost,1.2731722563583334,1.4984429327,1.5251365009466669,1.2637230621666666,1.2676500899916665,1.2731722563583334,1.4373474499166667,1.4984429327,1.5251365009466669,1.5295746291666668,508,batch_percentile_p05_p95_p99,
MEZCLA,11.0,Aceleración RMS — LA Motor Axial [g],LA MOTOR\AC LA A MOTOR\Aceleración Rms [g],motor,acceleration_rms,la,g,mean,cost,0.2569668501308333,0.2858526353383332,0.28949192228,0.2483919078666666,0.2541646043884999,0.2569668501308333,0.2732496614916666,0.2858526353383332,0.28949192228,0.2910202682166666,508,batch_percentile_p05_p95_p99,
MEZCLA,12.0,Velocidad RMS — LA Motor Axial [mm/s],LA MOTOR\AC LA A MOTOR\Velocidad Rms [mm/s],motor,velocity_rms,la,mm/s,mean,cost,1.3676185030083334,1.475080866425,1.4859507469483335,1.3572826833333334,1.3613368799166667,1.3676185030083334,1.4561469341666666,1.475080866425,1.4859507469483335,1.4921301806666667,508,batch_percentile_p05_p95_p99,
MEZCLA,13.0,Aceleración RMS — LA Bomba Axial [g],LA BOMBA\AC LA A BOMBA\Aceleración Rms [g],bomba,acceleration_rms,la,g,mean,cost,0.3772349926599999,0.4222035078808333,0.4245311503411667,0.3705614666166666,0.3715358492343333,0.3772349926599999,0.4169425827083333,0.4222035078808333,0.4245311503411667,0.4266203731666666,508,batch_percentile_p05_p95_p99,
MEZCLA,14.0,Velocidad RMS — LA Bomba Axial [mm/s],LA BOMBA\AC LA A BOMBA\Velocidad Rms [mm/s],bomba,velocity_rms,la,mm/s,mean,cost,0.705756616575,0.7381136698666666,0.7415601013123334,0.6798596399,0.6948841308186666,0.705756616575,0.7278915061333333,0.7381136698666666,0.7415601013123334,0.7458092709499999,508,batch_percentile_p05_p95_p99,
MEZCLA,15.0,Aceleración RMS — LA Bomba Horizontal [g],LA BOMBA\AC LA H BOMBA\Aceleración Rms [g],bomba,acceleration_rms,la,g,mean,cost,0.4815849483783333,0.5654217443416666,0.578539989784,0.4495257826833334,0.4565362470498333,0.4815849483783333,0.5214418295500001,0.5654217443416666,0.578539989784,0.5838224416166666,508,batch_percentile_p05_p95_p99,
MEZCLA,16.0,Velocidad RMS — LA Bomba Horizontal [mm/s],LA BOMBA\AC LA H BOMBA\Velocidad Rms [mm/s],bomba,velocity_rms,la,mm/s,mean,cost,1.7561545028083332,2.084432872725,2.136650422,1.6088092071666666,1.6397913791033334,1.7561545028083332,1.924817387083333,2.084432872725,2.136650422,2.202045710666667,508,batch_percentile_p05_p95_p99,
MEZCLA,17.0,Aceleración RMS — LM Variador Horizontal [g],LM VARIADOR\AC LM H VARIADOR\Aceleración Rms [g],variador,acceleration_rms,lm,g,mean,cost,0.799562480485,1.5965917003166663,1.98989688554,0.79366681115,0.7973345128915,0.799562480485,0.8298517799083334,1.5965917003166663,1.98989688554,2.1140514835,508,batch_percentile_p05_p95_p99,
MEZCLA,18.0,Velocidad RMS — LM Variador Horizontal [mm/s],LM VARIADOR\AC LM H VARIADOR\Velocidad Rms [mm/s],variador,velocity_rms,lm,mm/s,mean,cost,1.0387059251591666,1.105463825420833,1.1270977207116664,1.0258524123666666,1.033042803748833,1.0387059251591666,1.0743524096083334,1.105463825420833,1.1270977207116664,1.162230906,508,batch_percentile_p05_p95_p99,
MEZCLA,19.0,Aceleración RMS — LB Variador Horizontal [g],LB VARIADOR\AC LB H VARIADOR\Aceleración Rms [g],variador,acceleration_rms,lb,g,mean,cost,1.069872424975,1.2432878654499997,1.2688375600766668,0.6860553678666667,0.727432992864,1.069872424975,1.17679883175,1.2432878654499997,1.2688375600766668,1.2747623245,508,batch_percentile_p05_p95_p99,
MEZCLA,20.0,Velocidad RMS — LB Variador Horizontal [mm/s],LB VARIADOR\AC LB H VARIADOR\Velocidad Rms [mm/s],variador,velocity_rms,lb,mm/s,mean,cost,0.9950506824941666,1.0462954623466665,1.0838449634068332,0.98728247395,0.989571583988,0.9950506824941666,1.0127212313666665,1.0462954623466665,1.0838449634068332,1.1171640936666667,508,batch_percentile_p05_p95_p99,
MEZCLA,21.0,Aceleración RMS — LL Motor Horizontal [g],LL MOTOR\AC LL H MOTOR\Aceleración Rms [g],motor,acceleration_rms,ll,g,mean,cost,0.9854719357241668,1.2212635249916666,1.2327264700983334,0.9471266273,0.9672418475431668,0.9854719357241668,1.0715730408333335,1.2212635249916666,1.2327264700983334,1.244390253666667,508,batch_percentile_p05_p95_p99,
MEZCLA,22.0,Velocidad RMS — LL Motor Horizontal [mm/s],LL MOTOR\AC LL H MOTOR\Velocidad Rms [mm/s],motor,velocity_rms,ll,mm/s,mean,cost,1.342924992475,1.5000249494166669,1.5042489917783333,1.3284354453333334,1.335150051555,1.342924992475,1.4348171594166668,1.5000249494166669,1.5042489917783333,1.5073509808333334,508,batch_percentile_p05_p95_p99,
MEZCLA,23.0,Aceleración RMS — LL Bomba Horizontal [g],LL BOMBA\AC LL H BOMBA\Aceleración Rms [g],bomba,acceleration_rms,ll,g,mean,cost,0.4089985041608333,0.4856817466758333,0.491583943486,0.3971400217,0.4062523513745,0.4089985041608333,0.4199242594166666,0.4856817466758333,0.491583943486,0.4945443792333333,508,batch_percentile_p05_p95_p99,
MEZCLA,24.0,Velocidad RMS — LL Bomba Horizontal [mm/s],LL BOMBA\AC LL H BOMBA\Velocidad Rms [mm/s],bomba,velocity_rms,ll,mm/s,mean,cost,1.1917966910666666,1.5660110499666666,1.5898527880083333,1.1762758518333334,1.180550627513333,1.1917966910666666,1.22524175875,1.5660110499666666,1.5898527880083333,1.6006522281666666,508,batch_percentile_p05_p95_p99,
RUBIALES,1.0,Desplazamiento Pico a Pico VIX1 — LL Motor [µm],LL MOTOR\VIX1-74447\Desplazamiento Pico a Pico [µm],motor,displacement_pp,ll,um,mean,cost,24.832487739166663,29.15190311183333,29.335340422433333,24.560069295,24.637769320166665,24.832487739166663,27.41005807,29.15190311183333,29.335340422433333,29.72285328,339,batch_percentile_p05_p95_p99,
RUBIALES,2.0,Desplazamiento Pico a Pico VIY1 — LL Motor [µm],LL MOTOR\VIY1-74448\Desplazamiento Pico a Pico [µm],motor,displacement_pp,ll,um,mean,cost,25.097004352833327,29.41085056416667,29.59772156813333,24.818303055,24.9566124673,25.097004352833327,27.627232706666668,29.41085056416667,29.59772156813333,29.85505241666667,339,batch_percentile_p05_p95_p99,
RUBIALES,3.0,Desplazamiento Pico a Pico VIX2 — LA Motor [µm],LA MOTOR\VIX2-74445\Desplazamiento Pico a Pico [µm],motor,displacement_pp,la,um,mean,cost,32.910695911333335,36.08490452699999,36.383791397100005,32.279976643333335,32.68196265936667,32.910695911333335,34.68899264,36.08490452699999,36.383791397100005,36.75705577666667,339,batch_percentile_p05_p95_p99,
RUBIALES,4.0,Desplazamiento Pico a Pico VIY2 — LA Motor [µm],LA MOTOR\VIY2-74446\Desplazamiento Pico a Pico [µm],motor,displacement_pp,la,um,mean,cost,33.37908794116667,36.31739046516667,36.68329403156667,33.1163994,33.206936285733335,33.37908794116667,34.845207056666666,36.31739046516667,36.68329403156667,36.84975499166667,339,batch_percentile_p05_p95_p99,
RUBIALES,5.0,Desplazamiento Pico a Pico VIX3 — LA Bomba [µm],LA BOMBA\VIX3-74442\Desplazamiento Pico a Pico [µm],bomba,displacement_pp,la,um,mean,cost,43.03412281116667,47.13450210883334,47.3563836923,42.546190595,42.779404254400006,43.03412281116667,44.94049915166667,47.13450210883334,47.3563836923,47.84680042166666,339,batch_percentile_p05_p95_p99,
RUBIALES,6.0,Desplazamiento Pico a Pico VIY3 — LA Bomba [µm],LA BOMBA\VIY3-74441\Desplazamiento Pico a Pico [µm],bomba,displacement_pp,la,um,mean,cost,70.50423765583332,81.35247522333333,82.1288361179,69.40911299166667,69.88522569986667,70.50423765583332,72.47788399,81.35247522333333,82.1288361179,82.57063881333333,339,batch_percentile_p05_p95_p99,
RUBIALES,7.0,Desplazamiento Pico a Pico VIX4 — LL Bomba [µm],LL BOMBA\VIX4-74443\Desplazamiento Pico a Pico [µm],bomba,displacement_pp,ll,um,mean,cost,38.666745119666665,46.195897535166665,46.85675888906667,38.27309998333333,38.379858733333336,38.666745119666665,40.59790906166666,46.195897535166665,46.85675888906667,47.18185396,339,batch_percentile_p05_p95_p99,
RUBIALES,8.0,Desplazamiento Pico a Pico VIY4 — LL Bomba [µm],LL BOMBA\VIY4-74444\Desplazamiento Pico a Pico [µm],bomba,displacement_pp,ll,um,mean,cost,43.562561246166666,46.72714683483333,47.066431063766665,42.594824558333336,43.17696481593333,43.562561246166666,44.848030635,46.72714683483333,47.066431063766665,47.279038765,339,batch_percentile_p05_p95_p99,
RUBIALES,9.0,Aceleración RMS — LA Motor Horizontal [g],LA MOTOR\AC LA H MOTOR\Aceleración Rms [g],motor,acceleration_rms,la,g,mean,cost,0.4885898813483332,0.6946532613216666,0.7279998921793334,0.4844982328333333,0.4856400291903333,0.4885898813483332,0.5192623020833333,0.6946532613216666,0.7279998921793334,0.7349543131833334,339,batch_percentile_p05_p95_p99,
RUBIALES,10.0,Velocidad RMS — LA Motor Horizontal [mm/s],LA MOTOR\AC LA H MOTOR\Velocidad Rms [mm/s],motor,velocity_rms,la,mm/s,mean,cost,1.4279145732333334,1.4802322859833332,1.4986321391966666,1.4029859386666668,1.4066757294733334,1.4279145732333334,1.4584344195,1.4802322859833332,1.4986321391966666,1.5081472484999998,339,batch_percentile_p05_p95_p99,
RUBIALES,11.0,Aceleración RMS — LA Motor Axial [g],LA MOTOR\AC LA A MOTOR\Aceleración Rms [g],motor,acceleration_rms,la,g,mean,cost,0.2679045525783333,0.2857399604833333,0.288388636082,0.25805966615,0.2605800557136666,0.2679045525783333,0.2783657589333333,0.2857399604833333,0.288388636082,0.2896940993,339,batch_percentile_p05_p95_p99,
RUBIALES,12.0,Velocidad RMS — LA Motor Axial [mm/s],LA MOTOR\AC LA A MOTOR\Velocidad Rms [mm/s],motor,velocity_rms,la,mm/s,mean,cost,1.452858078216667,1.4989211381666665,1.5039749428233335,1.449367172,1.4505569099466666,1.452858078216667,1.4693422006666663,1.4989211381666665,1.5039749428233335,1.5081240998333334,339,batch_percentile_p05_p95_p99,
RUBIALES,13.0,Aceleración RMS — LA Bomba Axial [g],LA BOMBA\AC LA A BOMBA\Aceleración Rms [g],bomba,acceleration_rms,la,g,mean,cost,0.400400899935,0.4158234132749999,0.4168262833703333,0.3952741553833333,0.3959983641549999,0.400400899935,0.40341578575,0.4158234132749999,0.4168262833703333,0.4176109108333333,339,batch_percentile_p05_p95_p99,
RUBIALES,14.0,Velocidad RMS — LA Bomba Axial [mm/s],LA BOMBA\AC LA A BOMBA\Velocidad Rms [mm/s],bomba,velocity_rms,la,mm/s,mean,cost,0.6984445157566667,0.7418227834066666,0.750616810495,0.6648922541833334,0.6795378861793333,0.6984445157566667,0.71442575035,0.7418227834066666,0.750616810495,0.7556649751,339,batch_percentile_p05_p95_p99,
RUBIALES,15.0,Aceleración RMS — LA Bomba Horizontal [g],LA BOMBA\AC LA H BOMBA\Aceleración Rms [g],bomba,acceleration_rms,la,g,mean,cost,0.4870086772633333,0.54093954808,0.5481376632533334,0.46680502485,0.4786949935953333,0.4870086772633333,0.5127619669833333,0.54093954808,0.5481376632533334,0.5600897536666667,339,batch_percentile_p05_p95_p99,
RUBIALES,16.0,Velocidad RMS — LA Bomba Horizontal [mm/s],LA BOMBA\AC LA H BOMBA\Velocidad Rms [mm/s],bomba,velocity_rms,la,mm/s,mean,cost,1.7858700777499998,2.0078340003333333,2.05087164001,1.6782752683333333,1.6901026875833332,1.7858700777499998,1.8969259598333328,2.0078340003333333,2.05087164001,2.097290382166667,339,batch_percentile_p05_p95_p99,
RUBIALES,17.0,Aceleración RMS — LM Variador Horizontal [g],LM VARIADOR\AC LM H VARIADOR\Aceleración Rms [g],variador,acceleration_rms,lm,g,mean,cost,0.7910210226600001,1.4547706471166668,1.458642498883333,0.7876983156333334,0.7891377371439999,0.7910210226600001,0.8014771944833333,1.4547706471166668,1.458642498883333,1.4635383626666667,339,batch_percentile_p05_p95_p99,
RUBIALES,18.0,Velocidad RMS — LM Variador Horizontal [mm/s],LM VARIADOR\AC LM H VARIADOR\Velocidad Rms [mm/s],variador,velocity_rms,lm,mm/s,mean,cost,1.011417927465,1.1069614692666667,1.1160942893033334,0.9962674327166668,1.0014083387216668,1.011417927465,1.0758476325,1.1069614692666667,1.1160942893033334,1.1185695595,339,batch_percentile_p05_p95_p99,
RUBIALES,19.0,Aceleración RMS — LB Variador Horizontal [g],LB VARIADOR\AC LB H VARIADOR\Aceleración Rms [g],variador,acceleration_rms,lb,g,mean,cost,1.0199350808833334,1.2179839762166664,1.2465243001266666,1.0101079635,1.01329976207,1.0199350808833334,1.1153281616666666,1.2179839762166664,1.2465243001266666,1.256649041,339,batch_percentile_p05_p95_p99,
RUBIALES,20.0,Velocidad RMS — LB Variador Horizontal [mm/s],LB VARIADOR\AC LB H VARIADOR\Velocidad Rms [mm/s],variador,velocity_rms,lb,mm/s,mean,cost,0.9921091438066668,1.030806406821667,1.0407229511379998,0.9835654578833334,0.988075694751,0.9921091438066668,1.0091294426333333,1.030806406821667,1.0407229511379998,1.0488260558166669,339,batch_percentile_p05_p95_p99,
RUBIALES,21.0,Aceleración RMS — LL Motor Horizontal [g],LL MOTOR\AC LL H MOTOR\Aceleración Rms [g],motor,acceleration_rms,ll,g,mean,cost,1.0011709326833336,1.1995781996333332,1.21183454328,0.9752709947333332,0.9889204711373334,1.0011709326833336,1.1550491956666666,1.1995781996333332,1.21183454328,1.235535914333333,339,batch_percentile_p05_p95_p99,
RUBIALES,22.0,Velocidad RMS — LL Motor Horizontal [mm/s],LL MOTOR\AC LL H MOTOR\Velocidad Rms [mm/s],motor,velocity_rms,ll,mm/s,mean,cost,1.4206137528,1.45779100625,1.4628394343966666,1.3958661103333334,1.39941828686,1.4206137528,1.4428563113333333,1.45779100625,1.4628394343966666,1.466137573833333,339,batch_percentile_p05_p95_p99,
RUBIALES,23.0,Aceleración RMS — LL Bomba Horizontal [g],LL BOMBA\AC LL H BOMBA\Aceleración Rms [g],bomba,acceleration_rms,ll,g,mean,cost,0.4195479243983332,0.4494046657616666,0.462891187987,0.4094576131,0.4175708796586666,0.4195479243983332,0.4365951536833333,0.4494046657616666,0.462891187987,0.4642496235,339,batch_percentile_p05_p95_p99,
RUBIALES,24.0,Velocidad RMS — LL Bomba Horizontal [mm/s],LL BOMBA\AC LL H BOMBA\Velocidad Rms [mm/s],bomba,velocity_rms,ll,mm/s,mean,cost,1.2181807964666669,1.40483213955,1.427975196146667,1.202478114,1.20840340758,1.2181807964666669,1.3467047725,1.40483213955,1.427975196146667,1.4438663118333332,339,batch_percentile_p05_p95_p99,
