weight_id,weight_variable,matched_raw_column,component,family,position,unit,value_stat,orientation,v0_estimated,h_estimated,hh_estimated,min_value,p01,p05,median_value,p95,p99,max_value,n_windows,threshold_method,threshold_warning
1.0,Desplazamiento Pico a Pico VIX1 — LL Motor [µm],LL MOTOR\VIX1-74447\Desplazamiento Pico a Pico [µm],motor,displacement_pp,ll,um,mean,cost,25.20381250333333,29.533787119166668,30.214457188,24.560069295,24.8165130125,25.20381250333333,28.2047305925,29.533787119166668,30.214457188,30.695918071666664,1466,global_percentile_p05_p95_p99,
2.0,Desplazamiento Pico a Pico VIY1 — LL Motor [µm],LL MOTOR\VIY1-74448\Desplazamiento Pico a Pico [µm],motor,displacement_pp,ll,um,mean,cost,25.3767853225,29.82265397458333,30.560862548916663,24.818303055,25.08407622633333,25.3767853225,28.058872918333336,29.82265397458333,30.560862548916663,31.261300141666663,1466,global_percentile_p05_p95_p99,
3.0,Desplazamiento Pico a Pico VIX2 — LA Motor [µm],LA MOTOR\VIX2-74445\Desplazamiento Pico a Pico [µm],motor,displacement_pp,la,um,mean,cost,31.55424855,36.33346153625,36.77760684066666,30.983412886666667,31.303130671916666,31.55424855,34.115760011666666,36.33346153625,36.77760684066666,37.504386435,1466,global_percentile_p05_p95_p99,
4.0,Desplazamiento Pico a Pico VIY2 — LA Motor [µm],LA MOTOR\VIY2-74446\Desplazamiento Pico a Pico [µm],motor,displacement_pp,la,um,mean,cost,32.020499567083334,36.77795962625,37.61767422916666,31.447376085,31.801107113916668,32.020499567083334,34.487001815,36.77795962625,37.61767422916666,38.74281642,1466,global_percentile_p05_p95_p99,
5.0,Desplazamiento Pico a Pico VIX3 — LA Bomba [µm],LA BOMBA\VIX3-74442\Desplazamiento Pico a Pico [µm],bomba,displacement_pp,la,um,mean,cost,39.97217890875,47.12106434541667,47.5430498595,39.364377325,39.67723386041666,39.97217890875,43.26527467666666,47.12106434541667,47.5430498595,47.84680042166666,1466,global_percentile_p05_p95_p99,
6.0,Desplazamiento Pico a Pico VIY3 — LA Bomba [µm],LA BOMBA\VIY3-74441\Desplazamiento Pico a Pico [µm],bomba,displacement_pp,la,um,mean,cost,67.16540206958334,79.66989150333333,81.58610181975,65.282404235,65.88156818541667,67.16540206958334,72.582377355,79.66989150333333,81.58610181975,82.57063881333333,1466,global_percentile_p05_p95_p99,
7.0,Desplazamiento Pico a Pico VIX4 — LL Bomba [µm],LL BOMBA\VIX4-74443\Desplazamiento Pico a Pico [µm],bomba,displacement_pp,ll,um,mean,cost,34.32064275,45.66922562291666,46.27080688491667,33.25447302833333,33.77521694266667,34.32064275,39.17954772583333,45.66922562291666,46.27080688491667,47.18185396,1466,global_percentile_p05_p95_p99,
8.0,Desplazamiento Pico a Pico VIY4 — LL Bomba [µm],LL BOMBA\VIY4-74444\Desplazamiento Pico a Pico [µm],bomba,displacement_pp,ll,um,mean,cost,39.40727279541667,46.89380826708333,47.31275288675,38.323087655,38.924552324,39.40727279541667,43.73516128,46.89380826708333,47.31275288675,47.865725065,1466,global_percentile_p05_p95_p99,
9.0,Aceleración RMS — LA Motor Horizontal [g],LA MOTOR\AC LA H MOTOR\Aceleración Rms [g],motor,acceleration_rms,la,g,mean,cost,0.4623218347,0.6892717934583333,0.7124829766483332,0.3991639576,0.4329873010616666,0.4623218347,0.5216445566833334,0.6892717934583333,0.7124829766483332,0.8172319142166666,1466,global_percentile_p05_p95_p99,
10.0,Velocidad RMS — LA Motor Horizontal [mm/s],LA MOTOR\AC LA H MOTOR\Velocidad Rms [mm/s],motor,velocity_rms,la,mm/s,mean,cost,1.2680084167083334,1.477341433625,1.5169409553416668,1.2433831726666669,1.2493198199,1.2680084167083334,1.4038570995,1.477341433625,1.5169409553416668,1.5295746291666668,1466,global_percentile_p05_p95_p99,
11.0,Aceleración RMS — LA Motor Axial [g],LA MOTOR\AC LA A MOTOR\Aceleración Rms [g],motor,acceleration_rms,la,g,mean,cost,0.2485986663458333,0.2843939908791666,0.2884119783,0.2364104601833333,0.242520583175,0.2485986663458333,0.270255139125,0.2843939908791666,0.2884119783,0.2910202682166666,1466,global_percentile_p05_p95_p99,
12.0,Velocidad RMS — LA Motor Axial [mm/s],LA MOTOR\AC LA A MOTOR\Velocidad Rms [mm/s],motor,velocity_rms,la,mm/s,mean,cost,1.3721372375416667,1.489703916375,1.4990342988083334,1.3391233168333334,1.3601836416833333,1.3721372375416667,1.451345417333333,1.489703916375,1.4990342988083334,1.5081240998333334,1466,global_percentile_p05_p95_p99,
13.0,Aceleración RMS — LA Bomba Axial [g],LA BOMBA\AC LA A BOMBA\Aceleración Rms [g],bomba,acceleration_rms,la,g,mean,cost,0.3822496694166666,0.4198267637958333,0.4234212467416666,0.3681793823166667,0.3716156297616667,0.3822496694166666,0.4013931422666666,0.4198267637958333,0.4234212467416666,0.4266203731666666,1466,global_percentile_p05_p95_p99,
14.0,Velocidad RMS — LA Bomba Axial [mm/s],LA BOMBA\AC LA A BOMBA\Velocidad Rms [mm/s],bomba,velocity_rms,la,mm/s,mean,cost,0.6857730641583333,0.7366498109208334,0.7433048520141666,0.6648922541833334,0.6782891237224999,0.6857730641583333,0.7126030873833333,0.7366498109208334,0.7433048520141666,0.7556649751,1466,global_percentile_p05_p95_p99,
15.0,Aceleración RMS — LA Bomba Horizontal [g],LA BOMBA\AC LA H BOMBA\Aceleración Rms [g],bomba,acceleration_rms,la,g,mean,cost,0.4512577388874999,0.5749658289375,0.5829299193608333,0.3932426064333333,0.4040856777141666,0.4512577388874999,0.5216640796583334,0.5749658289375,0.5829299193608333,0.5896931467000001,1466,global_percentile_p05_p95_p99,
16.0,Velocidad RMS — LA Bomba Horizontal [mm/s],LA BOMBA\AC LA H BOMBA\Velocidad Rms [mm/s],bomba,velocity_rms,la,mm/s,mean,cost,1.6040166292916669,2.1214516205833336,2.164927045141667,1.3311838633333333,1.3850384085916667,1.6040166292916669,1.9208258624166663,2.1214516205833336,2.164927045141667,2.202045710666667,1466,global_percentile_p05_p95_p99,
17.0,Aceleración RMS — LM Variador Horizontal [g],LM VARIADOR\AC LM H VARIADOR\Aceleración Rms [g],variador,acceleration_rms,lm,g,mean,cost,0.794898588825,2.131485515833333,2.1763033977249995,0.7876983156333334,0.7907573577508333,0.794898588825,0.854100455125,2.131485515833333,2.1763033977249995,2.197933418,1466,global_percentile_p05_p95_p99,
18.0,Velocidad RMS — LM Variador Horizontal [mm/s],LM VARIADOR\AC LM H VARIADOR\Velocidad Rms [mm/s],variador,velocity_rms,lm,mm/s,mean,cost,1.005683009258333,1.1053040426249998,1.121285364425,0.97847533825,0.9927663941633336,1.005683009258333,1.0687052299166666,1.1053040426249998,1.121285364425,1.162230906,1466,global_percentile_p05_p95_p99,
19.0,Aceleración RMS — LB Variador Horizontal [g],LB VARIADOR\AC LB H VARIADOR\Aceleración Rms [g],variador,acceleration_rms,lb,g,mean,cost,0.8682071592458334,1.238649771625,1.268231927008333,0.6860553678666667,0.8160592487458334,0.8682071592458334,1.1614287031666666,1.238649771625,1.268231927008333,1.284989458,1466,global_percentile_p05_p95_p99,
20.0,Velocidad RMS — LB Variador Horizontal [mm/s],LB VARIADOR\AC LB H VARIADOR\Velocidad Rms [mm/s],variador,velocity_rms,lb,mm/s,mean,cost,0.9944966920958332,1.0420553193916666,1.0615527257425,0.9835654578833334,0.9897748160758334,0.9944966920958332,1.012368697525,1.0420553193916666,1.0615527257425,1.1171640936666667,1466,global_percentile_p05_p95_p99,
21.0,Aceleración RMS — LL Motor Horizontal [g],LL MOTOR\AC LL H MOTOR\Aceleración Rms [g],motor,acceleration_rms,ll,g,mean,cost,0.9567780925166668,1.2124707155,1.2293028718833332,0.9161971996833334,0.93893949825,0.9567780925166668,1.0641416710833331,1.2124707155,1.2293028718833332,1.244390253666667,1466,global_percentile_p05_p95_p99,
22.0,Velocidad RMS — LL Motor Horizontal [mm/s],LL MOTOR\AC LL H MOTOR\Velocidad Rms [mm/s],motor,velocity_rms,ll,mm/s,mean,cost,1.342923067625,1.4931029964166669,1.5012704127749998,1.3284354453333334,1.3329714140583333,1.342923067625,1.4235270195833332,1.4931029964166669,1.5012704127749998,1.5073509808333334,1466,global_percentile_p05_p95_p99,
23.0,Aceleración RMS — LL Bomba Horizontal [g],LL BOMBA\AC LL H BOMBA\Aceleración Rms [g],bomba,acceleration_rms,ll,g,mean,cost,0.4115463893458333,0.4960166944166666,0.5068895247241667,0.3971400217,0.4086475303666666,0.4115463893458333,0.4433228880416666,0.4960166944166666,0.5068895247241667,0.5134670709833333,1466,global_percentile_p05_p95_p99,
24.0,Velocidad RMS — LL Bomba Horizontal [mm/s],LL BOMBA\AC LL H BOMBA\Velocidad Rms [mm/s],bomba,velocity_rms,ll,mm/s,mean,cost,1.2009430093750002,1.6024796209583334,1.6441835801416669,1.1762758518333334,1.1881808413,1.2009430093750002,1.3777784345,1.6024796209583334,1.6441835801416669,1.6698040328333332,1466,global_percentile_p05_p95_p99,
